fecha,provincia,tot_casosconf,nue_casosconf
5/03/2020,Buenos Aires,2,1
8/03/2020,Buenos Aires,10,8
10/03/2020,Buenos Aires,20,1
11/03/2020,Buenos Aires,22,1
13/03/2020,Buenos Aires,34,1
15/03/2020,Buenos Aires,60,1
16/03/2020,Buenos Aires,69,1
17/03/2020,Buenos Aires,70,1
18/03/2020,Buenos Aires,99,6
19/03/2020,Buenos Aires,115,14
20/03/2020,Buenos Aires,149,9
21/03/2020,Buenos Aires,203,14
22/03/2020,Buenos Aires,246,8
23/03/2020,Buenos Aires,282,5
24/03/2020,Buenos Aires,361,29
25/03/2020,Buenos Aires,417,30
26/03/2020,Buenos Aires,561,27
27/03/2020,Buenos Aires,653,36
28/03/2020,Buenos Aires,700,8
29/03/2020,Buenos Aires,762,16
30/03/2020,Buenos Aires,857,36
31/03/2020,Buenos Aires,984,17
1/04/2020,Buenos Aires,1065,10
2/04/2020,Buenos Aires,1170,36
3/04/2020,Buenos Aires,1288,22
4/04/2020,Buenos Aires,1380,26
5/04/2020,Buenos Aires,1485,33
6/04/2020,Buenos Aires,1567,12
7/04/2020,Buenos Aires,1662,34
8/04/2020,Buenos Aires,1733,17
9/04/2020,Buenos Aires,1824,28
10/04/2020,Buenos Aires,1913,19
11/04/2020,Buenos Aires,2012,37
12/04/2020,Buenos Aires,2170,28
13/04/2020,Buenos Aires,2238,29
14/04/2020,Buenos Aires,2344,66
15/04/2020,Buenos Aires,2505,62
16/04/2020,Buenos Aires,2601,30
17/04/2020,Buenos Aires,2704,34
18/04/2020,Buenos Aires,2790,31
19/04/2020,Buenos Aires,2888,48
20/04/2020,Buenos Aires,2983,42
21/04/2020,Buenos Aires,3092,61
22/04/2020,Buenos Aires,3205,61
23/04/2020,Buenos Aires,3371,84
24/04/2020,Buenos Aires,3495,61
25/04/2020,Buenos Aires,3701,94
26/04/2020,Buenos Aires,3837,56
27/04/2020,Buenos Aires,3942,50
28/04/2020,Buenos Aires,4051,48
29/04/2020,Buenos Aires,4230,103
30/04/2020,Buenos Aires,4351,66
1/05/2020,Buenos Aires,4461,34
2/05/2020,Buenos Aires,4634,45
3/05/2020,Buenos Aires,4766,38
4/05/2020,Buenos Aires,4820,38
5/05/2020,Buenos Aires,4944,58
6/05/2020,Buenos Aires,5083,63
7/05/2020,Buenos Aires,5258,50
8/05/2020,Buenos Aires,5448,77
9/05/2020,Buenos Aires,5671,60
10/05/2020,Buenos Aires,5827,51
11/05/2020,Buenos Aires,6078,44
12/05/2020,Buenos Aires,6358,80
13/05/2020,Buenos Aires,6659,96
14/05/2020,Buenos Aires,6957,79
15/05/2020,Buenos Aires,7219,86
16/05/2020,Buenos Aires,7575,97
17/05/2020,Buenos Aires,7879,74
18/05/2020,Buenos Aires,8161,93
19/05/2020,Buenos Aires,8528,157
20/05/2020,Buenos Aires,8987,178
21/05/2020,Buenos Aires,9498,213
22/05/2020,Buenos Aires,10196,266
23/05/2020,Buenos Aires,10937,289
24/05/2020,Buenos Aires,11548,196
25/05/2020,Buenos Aires,12234,159
26/05/2020,Buenos Aires,12863,236
27/05/2020,Buenos Aires,13541,315
28/05/2020,Buenos Aires,14231,299
29/05/2020,Buenos Aires,14974,273
30/05/2020,Buenos Aires,15715,296
31/05/2020,Buenos Aires,16468,254
1/06/2020,Buenos Aires,17103,252
2/06/2020,Buenos Aires,17903,488
3/06/2020,Buenos Aires,18761,442
4/06/2020,Buenos Aires,19690,422
5/06/2020,Buenos Aires,20568,371
6/06/2020,Buenos Aires,21495,458
7/06/2020,Buenos Aires,22395,375
8/06/2020,Buenos Aires,23139,345
9/06/2020,Buenos Aires,24166,545
10/06/2020,Buenos Aires,25385,622
11/06/2020,Buenos Aires,26744,756
12/06/2020,Buenos Aires,28118,744
13/06/2020,Buenos Aires,29614,849
14/06/2020,Buenos Aires,30931,636
15/06/2020,Buenos Aires,32129,552
16/06/2020,Buenos Aires,33582,797
17/06/2020,Buenos Aires,34958,799
18/06/2020,Buenos Aires,36659,1107
19/06/2020,Buenos Aires,38628,1118
20/06/2020,Buenos Aires,40584,1014
21/06/2020,Buenos Aires,41950,746
22/06/2020,Buenos Aires,43822,1037
23/06/2020,Buenos Aires,46265,1334
24/06/2020,Buenos Aires,48679,1463
25/06/2020,Buenos Aires,51333,1482
26/06/2020,Buenos Aires,54149,1692
27/06/2020,Buenos Aires,56767,1424
28/06/2020,Buenos Aires,58969,1225
29/06/2020,Buenos Aires,61212,1279
30/06/2020,Buenos Aires,63642,1374
1/07/2020,Buenos Aires,66202,1672
2/07/2020,Buenos Aires,68930,1733
3/07/2020,Buenos Aires,71790,1849
4/07/2020,Buenos Aires,74302,1516
5/07/2020,Buenos Aires,76940,1564
6/07/2020,Buenos Aires,79291,1476
7/07/2020,Buenos Aires,82199,1752
8/07/2020,Buenos Aires,85648,2222
9/07/2020,Buenos Aires,89402,2372
10/07/2020,Buenos Aires,92811,2118
2/03/2020,CABA,1,1
9/03/2020,CABA,11,1
10/03/2020,CABA,21,1
11/03/2020,CABA,23,1
12/03/2020,CABA,33,10
13/03/2020,CABA,36,2
14/03/2020,CABA,47,11
15/03/2020,CABA,54,6
16/03/2020,CABA,65,5
17/03/2020,CABA,74,4
18/03/2020,CABA,92,10
19/03/2020,CABA,123,8
20/03/2020,CABA,140,9
21/03/2020,CABA,189,29
22/03/2020,CABA,238,11
23/03/2020,CABA,277,11
24/03/2020,CABA,332,29
25/03/2020,CABA,438,21
26/03/2020,CABA,534,30
27/03/2020,CABA,617,27
28/03/2020,CABA,718,18
29/03/2020,CABA,775,13
30/03/2020,CABA,891,34
31/03/2020,CABA,1003,19
1/04/2020,CABA,1075,10
2/04/2020,CABA,1194,24
3/04/2020,CABA,1316,28
4/04/2020,CABA,1414,34
5/04/2020,CABA,1517,32
6/04/2020,CABA,1584,17
7/04/2020,CABA,1686,24
8/04/2020,CABA,1751,18
9/04/2020,CABA,1847,23
10/04/2020,CABA,1924,11
11/04/2020,CABA,2058,46
12/04/2020,CABA,2178,8
13/04/2020,CABA,2248,10
14/04/2020,CABA,2366,22
15/04/2020,CABA,2535,30
16/04/2020,CABA,2616,15
17/04/2020,CABA,2718,14
18/04/2020,CABA,2804,14
19/04/2020,CABA,2903,15
20/04/2020,CABA,3005,22
21/04/2020,CABA,3125,33
22/04/2020,CABA,3244,39
23/04/2020,CABA,3408,37
24/04/2020,CABA,3574,79
25/04/2020,CABA,3756,55
26/04/2020,CABA,3873,36
27/04/2020,CABA,3974,32
28/04/2020,CABA,4101,50
29/04/2020,CABA,4264,34
30/04/2020,CABA,4396,45
1/05/2020,CABA,4490,29
2/05/2020,CABA,4589,58
3/05/2020,CABA,4728,49
4/05/2020,CABA,4863,43
5/05/2020,CABA,5001,57
6/05/2020,CABA,5185,102
7/05/2020,CABA,5335,77
8/05/2020,CABA,5578,130
9/05/2020,CABA,5754,83
10/05/2020,CABA,5992,165
11/05/2020,CABA,6215,137
12/05/2020,CABA,6546,188
13/05/2020,CABA,6838,179
14/05/2020,CABA,7110,153
15/05/2020,CABA,7434,215
16/05/2020,CABA,7768,193
17/05/2020,CABA,8026,147
18/05/2020,CABA,8330,169
19/05/2020,CABA,8752,224
20/05/2020,CABA,9244,257
21/05/2020,CABA,9877,379
22/05/2020,CABA,10600,404
23/05/2020,CABA,11337,400
24/05/2020,CABA,12042,494
25/05/2020,CABA,12609,375
26/05/2020,CABA,13190,327
27/05/2020,CABA,13902,361
28/05/2020,CABA,14656,425
29/05/2020,CABA,15375,401
30/05/2020,CABA,16174,459
31/05/2020,CABA,16826,358
1/06/2020,CABA,17377,274
2/06/2020,CABA,18274,371
3/06/2020,CABA,19228,467
4/06/2020,CABA,20127,437
5/06/2020,CABA,20988,420
6/06/2020,CABA,21972,477
7/06/2020,CABA,22754,359
8/06/2020,CABA,23559,420
9/06/2020,CABA,24701,535
10/06/2020,CABA,25907,522
11/06/2020,CABA,27282,538
12/06/2020,CABA,28683,565
13/06/2020,CABA,30172,558
14/06/2020,CABA,31489,558
15/06/2020,CABA,32704,575
16/06/2020,CABA,34070,488
17/06/2020,CABA,35480,522
18/06/2020,CABA,37351,692
19/06/2020,CABA,39432,804
20/06/2020,CABA,41096,512
21/06/2020,CABA,42657,707
22/06/2020,CABA,44847,1025
23/06/2020,CABA,47024,759
24/06/2020,CABA,49691,1012
25/06/2020,CABA,52275,942
26/06/2020,CABA,55117,968
27/06/2020,CABA,57616,849
28/06/2020,CABA,59821,852
29/06/2020,CABA,62156,944
30/06/2020,CABA,64386,744
1/07/2020,CABA,67043,841
2/07/2020,CABA,69770,840
3/07/2020,CABA,72625,835
4/07/2020,CABA,75202,900
5/07/2020,CABA,77707,767
6/07/2020,CABA,80286,995
7/07/2020,CABA,83224,1025
8/07/2020,CABA,86764,1116
9/07/2020,CABA,90460,1058
10/07/2020,CABA,93860,1049
17/03/2020,Salta,79,1
1/04/2020,Salta,1111,2
15/04/2020,Salta,2566,0
26/04/2020,Salta,3890,1
12/05/2020,Salta,6563,1
13/05/2020,Salta,6878,0
14/05/2020,Salta,7133,0
15/05/2020,Salta,7478,0
16/05/2020,Salta,7804,0
17/05/2020,Salta,8068,0
18/05/2020,Salta,8367,0
19/05/2020,Salta,8803,0
20/05/2020,Salta,9283,0
21/05/2020,Salta,9926,0
22/05/2020,Salta,10644,2
23/05/2020,Salta,11349,0
24/05/2020,Salta,12074,0
25/05/2020,Salta,12626,0
26/05/2020,Salta,13225,0
27/05/2020,Salta,13931,0
28/05/2020,Salta,14701,0
29/05/2020,Salta,15419,0
30/05/2020,Salta,16211,1
31/05/2020,Salta,16850,0
1/06/2020,Salta,17411,3
2/06/2020,Salta,18319,4
3/06/2020,Salta,19265,0
4/06/2020,Salta,20192,0
5/06/2020,Salta,21036,0
6/06/2020,Salta,22018,0
7/06/2020,Salta,22794,1
8/06/2020,Salta,23620,0
9/06/2020,Salta,24760,0
10/06/2020,Salta,25984,1
11/06/2020,Salta,27372,0
12/06/2020,Salta,28764,0
13/06/2020,Salta,30293,2
14/06/2020,Salta,31571,1
15/06/2020,Salta,32785,0
16/06/2020,Salta,34156,0
17/06/2020,Salta,35549,1
18/06/2020,Salta,37498,0
19/06/2020,Salta,39559,0
20/06/2020,Salta,41198,0
21/06/2020,Salta,42768,0
22/06/2020,Salta,44925,1
23/06/2020,Salta,47187,0
24/06/2020,Salta,49837,3
25/06/2020,Salta,52435,0
26/06/2020,Salta,55330,0
27/06/2020,Salta,57738,2
28/06/2020,Salta,59926,0
29/06/2020,Salta,62264,3
30/06/2020,Salta,64529,1
1/07/2020,Salta,67188,2
2/07/2020,Salta,69939,0
3/07/2020,Salta,72779,8
4/07/2020,Salta,75365,16
5/07/2020,Salta,77809,2
6/07/2020,Salta,80436,2
7/07/2020,Salta,83416,8
8/07/2020,Salta,87007,6
9/07/2020,Salta,90673,9
10/07/2020,Salta,94048,2
17/03/2020,Córdoba,76,2
18/03/2020,Córdoba,100,1
19/03/2020,Córdoba,125,2
20/03/2020,Córdoba,153,4
21/03/2020,Córdoba,217,4
22/03/2020,Córdoba,254,8
23/03/2020,Córdoba,299,3
24/03/2020,Córdoba,377,7
25/03/2020,Córdoba,453,15
26/03/2020,Córdoba,579,3
27/03/2020,Córdoba,661,5
28/03/2020,Córdoba,737,1
29/03/2020,Córdoba,810,18
30/03/2020,Córdoba,932,8
31/03/2020,Córdoba,1020,14
1/04/2020,Córdoba,1093,6
2/04/2020,Córdoba,1213,16
3/04/2020,Córdoba,1338,14
4/04/2020,Córdoba,1425,3
5/04/2020,Córdoba,1522,5
6/04/2020,Córdoba,1595,7
7/04/2020,Córdoba,1694,4
8/04/2020,Córdoba,1767,1
9/04/2020,Córdoba,1885,5
10/04/2020,Córdoba,1942,13
11/04/2020,Córdoba,2090,32
12/04/2020,Córdoba,2184,5
13/04/2020,Córdoba,2255,4
14/04/2020,Córdoba,2409,12
15/04/2020,Córdoba,2549,6
16/04/2020,Córdoba,2641,13
17/04/2020,Córdoba,2746,6
18/04/2020,Córdoba,2830,2
19/04/2020,Córdoba,2919,11
20/04/2020,Córdoba,3031,0
22/04/2020,Córdoba,3255,4
23/04/2020,Córdoba,3420,2
24/04/2020,Córdoba,3584,3
25/04/2020,Córdoba,3764,1
26/04/2020,Córdoba,3879,3
27/04/2020,Córdoba,4003,0
28/04/2020,Córdoba,4103,2
29/04/2020,Córdoba,4269,1
30/04/2020,Córdoba,4401,2
1/05/2020,Córdoba,4516,13
2/05/2020,Córdoba,4646,12
3/05/2020,Córdoba,4767,1
4/05/2020,Córdoba,4874,6
5/05/2020,Córdoba,5013,1
6/05/2020,Córdoba,5198,5
7/05/2020,Córdoba,5365,4
8/05/2020,Córdoba,5606,2
9/05/2020,Córdoba,5769,6
10/05/2020,Córdoba,6029,5
11/05/2020,Córdoba,6246,14
12/05/2020,Córdoba,6559,3
13/05/2020,Córdoba,6867,11
14/05/2020,Córdoba,7124,5
15/05/2020,Córdoba,7462,3
16/05/2020,Córdoba,7798,9
17/05/2020,Córdoba,8065,20
18/05/2020,Córdoba,8363,20
19/05/2020,Córdoba,8795,9
20/05/2020,Córdoba,9281,2
21/05/2020,Córdoba,9923,12
22/05/2020,Córdoba,10636,9
23/05/2020,Córdoba,11344,0
24/05/2020,Córdoba,12068,6
25/05/2020,Córdoba,12621,3
26/05/2020,Córdoba,13214,0
27/05/2020,Córdoba,13918,0
28/05/2020,Córdoba,14686,-1
29/05/2020,Córdoba,15399,-2
30/05/2020,Córdoba,16200,0
31/05/2020,Córdoba,16841,2
1/06/2020,Córdoba,17380,0
2/06/2020,Córdoba,18305,1
3/06/2020,Córdoba,19236,1
4/06/2020,Córdoba,20182,2
5/06/2020,Córdoba,21022,2
6/06/2020,Córdoba,21991,-1
7/06/2020,Córdoba,22777,0
8/06/2020,Córdoba,23606,1
9/06/2020,Córdoba,24736,2
10/06/2020,Córdoba,25957,5
11/06/2020,Córdoba,27333,3
12/06/2020,Córdoba,28735,9
13/06/2020,Córdoba,30236,6
14/06/2020,Córdoba,31524,6
15/06/2020,Córdoba,32766,2
16/06/2020,Córdoba,34095,1
17/06/2020,Córdoba,35514,6
18/06/2020,Córdoba,37438,9
19/06/2020,Córdoba,39485,19
20/06/2020,Córdoba,41143,20
21/06/2020,Córdoba,42728,13
22/06/2020,Córdoba,44883,11
23/06/2020,Córdoba,47104,23
24/06/2020,Córdoba,49732,2
25/06/2020,Córdoba,52343,6
26/06/2020,Córdoba,55211,8
27/06/2020,Córdoba,57683,15
28/06/2020,Córdoba,59878,5
29/06/2020,Córdoba,62190,2
30/06/2020,Córdoba,64475,11
1/07/2020,Córdoba,67122,11
2/07/2020,Córdoba,69859,8
3/07/2020,Córdoba,72683,8
4/07/2020,Córdoba,75273,13
5/07/2020,Córdoba,77774,14
6/07/2020,Córdoba,80347,28
7/07/2020,Córdoba,83294,48
8/07/2020,Córdoba,86878,21
9/07/2020,Córdoba,90546,27
10/07/2020,Córdoba,93940,26
9/03/2020,Río Negro,19,1
17/03/2020,Río Negro,80,1
19/03/2020,Río Negro,131,2
21/03/2020,Río Negro,227,1
27/03/2020,Río Negro,687,3
31/03/2020,Río Negro,1025,1
3/04/2020,Río Negro,1344,1
4/04/2020,Río Negro,1436,5
5/04/2020,Río Negro,1540,2
6/04/2020,Río Negro,1607,2
7/04/2020,Río Negro,1702,2
8/04/2020,Río Negro,1792,1
9/04/2020,Río Negro,1860,13
10/04/2020,Río Negro,1966,7
11/04/2020,Río Negro,2123,23
12/04/2020,Río Negro,2202,13
13/04/2020,Río Negro,2272,3
14/04/2020,Río Negro,2433,13
15/04/2020,Río Negro,2566,12
16/04/2020,Río Negro,2660,9
17/04/2020,Río Negro,2751,1
18/04/2020,Río Negro,2837,3
19/04/2020,Río Negro,2937,8
20/04/2020,Río Negro,3027,10
21/04/2020,Río Negro,3142,11
22/04/2020,Río Negro,3279,17
23/04/2020,Río Negro,3427,4
24/04/2020,Río Negro,3602,11
25/04/2020,Río Negro,3772,4
26/04/2020,Río Negro,3886,1
27/04/2020,Río Negro,3997,8
28/04/2020,Río Negro,4119,13
29/04/2020,Río Negro,4285,8
30/04/2020,Río Negro,4422,14
1/05/2020,Río Negro,4530,8
2/05/2020,Río Negro,4675,6
3/05/2020,Río Negro,4778,6
4/05/2020,Río Negro,4883,7
5/05/2020,Río Negro,5017,4
6/05/2020,Río Negro,5208,6
7/05/2020,Río Negro,5370,3
8/05/2020,Río Negro,5611,2
9/05/2020,Río Negro,5775,4
10/05/2020,Río Negro,6031,2
11/05/2020,Río Negro,6277,13
12/05/2020,Río Negro,6562,1
13/05/2020,Río Negro,6878,4
14/05/2020,Río Negro,7133,4
15/05/2020,Río Negro,7478,17
16/05/2020,Río Negro,7804,6
17/05/2020,Río Negro,8068,2
18/05/2020,Río Negro,8366,2
19/05/2020,Río Negro,8803,6
20/05/2020,Río Negro,9283,2
21/05/2020,Río Negro,9926,3
22/05/2020,Río Negro,10642,6
23/05/2020,Río Negro,11349,5
24/05/2020,Río Negro,12074,5
25/05/2020,Río Negro,12626,4
26/05/2020,Río Negro,13225,4
27/05/2020,Río Negro,13930,8
28/05/2020,Río Negro,14701,7
29/05/2020,Río Negro,15419,12
30/05/2020,Río Negro,16210,5
31/05/2020,Río Negro,16850,4
1/06/2020,Río Negro,17408,11
2/06/2020,Río Negro,18315,3
3/06/2020,Río Negro,19265,16
4/06/2020,Río Negro,20192,8
5/06/2020,Río Negro,21036,8
6/06/2020,Río Negro,22018,15
7/06/2020,Río Negro,22793,10
8/06/2020,Río Negro,23620,11
9/06/2020,Río Negro,24760,13
10/06/2020,Río Negro,25983,12
11/06/2020,Río Negro,27372,14
12/06/2020,Río Negro,28764,16
13/06/2020,Río Negro,30291,13
14/06/2020,Río Negro,31570,6
15/06/2020,Río Negro,32785,12
16/06/2020,Río Negro,34156,17
17/06/2020,Río Negro,35548,14
18/06/2020,Río Negro,37498,27
19/06/2020,Río Negro,39559,34
20/06/2020,Río Negro,41198,19
21/06/2020,Río Negro,42768,16
22/06/2020,Río Negro,44923,8
23/06/2020,Río Negro,47187,19
24/06/2020,Río Negro,49834,24
25/06/2020,Río Negro,52435,50
26/06/2020,Río Negro,55330,13
27/06/2020,Río Negro,57736,14
28/06/2020,Río Negro,59926,6
29/06/2020,Río Negro,62261,24
30/06/2020,Río Negro,64528,15
1/07/2020,Río Negro,67186,13
2/07/2020,Río Negro,69939,34
3/07/2020,Río Negro,72771,23
4/07/2020,Río Negro,75349,28
5/07/2020,Río Negro,77807,3
6/07/2020,Río Negro,80434,7
7/07/2020,Río Negro,83408,25
8/07/2020,Río Negro,87001,11
9/07/2020,Río Negro,90664,23
10/07/2020,Río Negro,94046,26
15/04/2020,Chubut,2543,1
16/04/2020,Chubut,2628,1
19/04/2020,Chubut,2908,0
1/05/2020,Chubut,4503,1
2/05/2020,Chubut,4679,1
3/05/2020,Chubut,4780,0
26/05/2020,Chubut,13214,1
27/05/2020,Chubut,13918,0
28/05/2020,Chubut,14687,3
29/05/2020,Chubut,15401,0
30/05/2020,Chubut,16200,2
31/05/2020,Chubut,16839,0
1/06/2020,Chubut,17380,0
2/06/2020,Chubut,18304,0
3/06/2020,Chubut,19235,1
4/06/2020,Chubut,20180,0
5/06/2020,Chubut,21020,3
6/06/2020,Chubut,21992,1
7/06/2020,Chubut,22777,5
8/06/2020,Chubut,23605,1
9/06/2020,Chubut,24734,5
10/06/2020,Chubut,25952,0
11/06/2020,Chubut,27330,0
12/06/2020,Chubut,28726,4
13/06/2020,Chubut,30230,9
14/06/2020,Chubut,31518,2
15/06/2020,Chubut,32764,22
16/06/2020,Chubut,34094,1
17/06/2020,Chubut,35508,8
18/06/2020,Chubut,37429,10
19/06/2020,Chubut,39466,3
20/06/2020,Chubut,41123,3
21/06/2020,Chubut,42715,6
22/06/2020,Chubut,44872,5
23/06/2020,Chubut,47081,2
24/06/2020,Chubut,49730,2
25/06/2020,Chubut,52337,1
26/06/2020,Chubut,55203,10
27/06/2020,Chubut,57668,0
28/06/2020,Chubut,59873,5
29/06/2020,Chubut,62188,1
30/06/2020,Chubut,64464,8
1/07/2020,Chubut,67111,8
2/07/2020,Chubut,69851,0
3/07/2020,Chubut,72675,12
4/07/2020,Chubut,75260,0
5/07/2020,Chubut,77760,6
6/07/2020,Chubut,80319,6
7/07/2020,Chubut,83246,0
8/07/2020,Chubut,86857,13
9/07/2020,Chubut,90519,19
10/07/2020,Chubut,93914,4
17/03/2020,Santa Cruz,82,1
24/03/2020,Santa Cruz,387,1
25/03/2020,Santa Cruz,470,5
26/03/2020,Santa Cruz,589,2
1/04/2020,Santa Cruz,1122,10
2/04/2020,Santa Cruz,1229,2
4/04/2020,Santa Cruz,1437,1
5/04/2020,Santa Cruz,1541,1
7/04/2020,Santa Cruz,1710,8
10/04/2020,Santa Cruz,1972,6
11/04/2020,Santa Cruz,2127,3
20/04/2020,Santa Cruz,3028,1
24/04/2020,Santa Cruz,3603,1
26/04/2020,Santa Cruz,3889,1
27/04/2020,Santa Cruz,4002,5
30/04/2020,Santa Cruz,4423,1
31/05/2020,Santa Cruz,16851,1
1/06/2020,Santa Cruz,17412,1
2/06/2020,Santa Cruz,18319,0
3/06/2020,Santa Cruz,19265,0
4/06/2020,Santa Cruz,20192,0
5/06/2020,Santa Cruz,21036,0
6/06/2020,Santa Cruz,22018,0
7/06/2020,Santa Cruz,22794,0
8/06/2020,Santa Cruz,23620,0
9/06/2020,Santa Cruz,24760,0
23/06/2020,Santa Cruz,47187,0
24/06/2020,Santa Cruz,49837,0
25/06/2020,Santa Cruz,52435,0
26/06/2020,Santa Cruz,55330,0
27/06/2020,Santa Cruz,57738,0
28/06/2020,Santa Cruz,59926,0
29/06/2020,Santa Cruz,62264,0
30/06/2020,Santa Cruz,64529,0
1/07/2020,Santa Cruz,67188,0
2/07/2020,Santa Cruz,69939,0
3/07/2020,Santa Cruz,72779,0
4/07/2020,Santa Cruz,75366,0
5/07/2020,Santa Cruz,77809,0
6/07/2020,Santa Cruz,80441,4
7/07/2020,Santa Cruz,83416,0
8/07/2020,Santa Cruz,87007,0
9/07/2020,Santa Cruz,90675,2
10/07/2020,Santa Cruz,94052,4
3/07/2020,Catamarca,72626,1
4/07/2020,Catamarca,75207,5
5/07/2020,Catamarca,77707,0
6/07/2020,Catamarca,80287,1
7/07/2020,Catamarca,83224,0
8/07/2020,Catamarca,86785,21
9/07/2020,Catamarca,90470,10
10/07/2020,Catamarca,93860,0
14/03/2020,Santa Fe,48,1
19/03/2020,Santa Fe,129,1
21/03/2020,Santa Fe,224,2
21/03/2020,Santa Fe,225,1
23/03/2020,Santa Fe,283,1
23/03/2020,Santa Fe,284,1
23/03/2020,Santa Fe,293,9
23/03/2020,Santa Fe,296,3
24/03/2020,Santa Fe,382,1
24/03/2020,Santa Fe,383,1
24/03/2020,Santa Fe,384,1
25/03/2020,Santa Fe,504,22
26/03/2020,Santa Fe,573,12
27/03/2020,Santa Fe,673,6
27/03/2020,Santa Fe,674,1
27/03/2020,Santa Fe,675,1
27/03/2020,Santa Fe,676,1
28/03/2020,Santa Fe,722,4
28/03/2020,Santa Fe,726,4
28/03/2020,Santa Fe,729,3
28/03/2020,Santa Fe,730,1
28/03/2020,Santa Fe,731,1
29/03/2020,Santa Fe,786,7
29/03/2020,Santa Fe,789,3
29/03/2020,Santa Fe,791,2
29/03/2020,Santa Fe,792,1
30/03/2020,Santa Fe,917,14
30/03/2020,Santa Fe,919,2
30/03/2020,Santa Fe,921,2
30/03/2020,Santa Fe,922,1
30/03/2020,Santa Fe,923,1
30/03/2020,Santa Fe,924,1
31/03/2020,Santa Fe,1032,7
31/03/2020,Santa Fe,1036,4
31/03/2020,Santa Fe,1039,3
31/03/2020,Santa Fe,1041,2
31/03/2020,Santa Fe,1043,2
31/03/2020,Santa Fe,1044,1
31/03/2020,Santa Fe,1045,1
31/03/2020,Santa Fe,1046,1
31/03/2020,Santa Fe,1047,1
1/04/2020,Santa Fe,1127,5
1/04/2020,Santa Fe,1128,1
1/04/2020,Santa Fe,1129,1
1/04/2020,Santa Fe,1130,1
1/04/2020,Santa Fe,1131,1
1/04/2020,Santa Fe,1132,1
1/04/2020,Santa Fe,1133,1
2/04/2020,Santa Fe,1233,4
2/04/2020,Santa Fe,1235,2
2/04/2020,Santa Fe,1236,1
2/04/2020,Santa Fe,1237,1
3/04/2020,Santa Fe,1352,7
3/04/2020,Santa Fe,1353,1
4/04/2020,Santa Fe,1440,3
4/04/2020,Santa Fe,1441,1
4/04/2020,Santa Fe,1442,1
5/04/2020,Santa Fe,1546,5
5/04/2020,Santa Fe,1549,3
5/04/2020,Santa Fe,1550,1
5/04/2020,Santa Fe,1551,1
5/04/2020,Santa Fe,1552,1
6/04/2020,Santa Fe,1611,3
6/04/2020,Santa Fe,1614,3
6/04/2020,Santa Fe,1616,2
7/04/2020,Santa Fe,1711,1
7/04/2020,Santa Fe,1712,1
7/04/2020,Santa Fe,1713,1
8/04/2020,Santa Fe,1793,1
8/04/2020,Santa Fe,1794,1
9/04/2020,Santa Fe,1862,2
9/04/2020,Santa Fe,1864,2
9/04/2020,Santa Fe,1865,1
9/04/2020,Santa Fe,1866,1
9/04/2020,Santa Fe,1867,1
10/04/2020,Santa Fe,1973,1
11/04/2020,Santa Fe,2130,3
12/04/2020,Santa Fe,2205,3
13/04/2020,Santa Fe,2273,1
13/04/2020,Santa Fe,2274,1
14/04/2020,Santa Fe,2434,1
14/04/2020,Santa Fe,2435,1
15/04/2020,Santa Fe,2567,1
15/04/2020,Santa Fe,2568,1
16/04/2020,Santa Fe,2663,3
17/04/2020,Santa Fe,2757,6
18/04/2020,Santa Fe,2838,1
18/04/2020,Santa Fe,2839,1
18/04/2020,Santa Fe,2840,1
19/04/2020,Santa Fe,2937,0
20/04/2020,Santa Fe,3030,2
21/04/2020,Santa Fe,3143,1
22/04/2020,Santa Fe,3282,3
22/04/2020,Santa Fe,3283,1
22/04/2020,Santa Fe,3284,1
23/04/2020,Santa Fe,3429,2
23/04/2020,Santa Fe,3430,1
23/04/2020,Santa Fe,3431,1
23/04/2020,Santa Fe,3432,1
23/04/2020,Santa Fe,3433,1
24/04/2020,Santa Fe,3604,1
24/04/2020,Santa Fe,3605,1
24/04/2020,Santa Fe,3606,1
25/04/2020,Santa Fe,3774,2
25/04/2020,Santa Fe,3775,1
28/04/2020,Santa Fe,4120,1
2/05/2020,Santa Fe,4531,0
3/05/2020,Santa Fe,4679,0
5/05/2020,Santa Fe,5018,1
7/05/2020,Santa Fe,5371,0
8/05/2020,Santa Fe,5611,0
9/05/2020,Santa Fe,5775,0
10/05/2020,Santa Fe,6031,0
11/05/2020,Santa Fe,6277,0
12/05/2020,Santa Fe,6563,0
13/05/2020,Santa Fe,6878,0
14/05/2020,Santa Fe,7133,0
15/05/2020,Santa Fe,7478,0
16/05/2020,Santa Fe,7805,1
17/05/2020,Santa Fe,8068,0
18/05/2020,Santa Fe,8371,4
19/05/2020,Santa Fe,8803,0
20/05/2020,Santa Fe,9285,2
21/05/2020,Santa Fe,9929,3
22/05/2020,Santa Fe,10648,4
23/05/2020,Santa Fe,11349,0
24/05/2020,Santa Fe,12075,1
24/05/2020,Santa Fe,12076,1
25/05/2020,Santa Fe,12625,-1
25/05/2020,Santa Fe,12625,0
26/05/2020,Santa Fe,13226,1
26/05/2020,Santa Fe,13226,0
27/05/2020,Santa Fe,13931,0
27/05/2020,Santa Fe,13931,0
28/05/2020,Santa Fe,14701,0
28/05/2020,Santa Fe,14701,0
29/05/2020,Santa Fe,15419,0
29/05/2020,Santa Fe,15419,0
30/05/2020,Santa Fe,16212,1
30/05/2020,Santa Fe,16213,1
31/05/2020,Santa Fe,16851,0
1/06/2020,Santa Fe,17415,3
2/06/2020,Santa Fe,18319,0
3/06/2020,Santa Fe,19268,3
4/06/2020,Santa Fe,20196,4
4/06/2020,Santa Fe,20197,1
5/06/2020,Santa Fe,21037,1
6/06/2020,Santa Fe,22020,2
7/06/2020,Santa Fe,22794,0
8/06/2020,Santa Fe,23621,1
9/06/2020,Santa Fe,24762,2
9/06/2020,Santa Fe,24763,1
10/06/2020,Santa Fe,25986,1
10/06/2020,Santa Fe,25987,1
10/06/2020,Santa Fe,25988,1
11/06/2020,Santa Fe,27372,0
11/06/2020,Santa Fe,27373,1
11/06/2020,Santa Fe,27374,1
12/06/2020,Santa Fe,28764,0
12/06/2020,Santa Fe,28764,0
12/06/2020,Santa Fe,28764,0
13/06/2020,Santa Fe,30294,0
13/06/2020,Santa Fe,30294,0
13/06/2020,Santa Fe,30294,0
14/06/2020,Santa Fe,31571,0
14/06/2020,Santa Fe,31571,0
14/06/2020,Santa Fe,31571,0
15/06/2020,Santa Fe,32785,0
15/06/2020,Santa Fe,32785,0
15/06/2020,Santa Fe,32785,0
16/06/2020,Santa Fe,34156,0
16/06/2020,Santa Fe,34158,2
16/06/2020,Santa Fe,34159,1
17/06/2020,Santa Fe,35551,2
17/06/2020,Santa Fe,35551,0
17/06/2020,Santa Fe,35551,0
18/06/2020,Santa Fe,37509,11
18/06/2020,Santa Fe,37509,0
18/06/2020,Santa Fe,37509,0
19/06/2020,Santa Fe,39570,11
19/06/2020,Santa Fe,39570,0
19/06/2020,Santa Fe,39570,0
20/06/2020,Santa Fe,41204,6
20/06/2020,Santa Fe,41204,0
20/06/2020,Santa Fe,41204,0
21/06/2020,Santa Fe,42785,17
21/06/2020,Santa Fe,42785,0
21/06/2020,Santa Fe,42785,0
22/06/2020,Santa Fe,44930,5
22/06/2020,Santa Fe,44930,0
22/06/2020,Santa Fe,44930,0
23/06/2020,Santa Fe,47216,29
23/06/2020,Santa Fe,47216,0
24/06/2020,Santa Fe,49841,4
24/06/2020,Santa Fe,49841,0
25/06/2020,Santa Fe,52456,21
25/06/2020,Santa Fe,52456,0
26/06/2020,Santa Fe,55342,12
26/06/2020,Santa Fe,55342,0
27/06/2020,Santa Fe,57743,5
27/06/2020,Santa Fe,57743,0
28/06/2020,Santa Fe,59932,6
29/06/2020,Santa Fe,62267,3
30/06/2020,Santa Fe,64530,1
1/07/2020,Santa Fe,67189,1
2/07/2020,Santa Fe,69941,2
3/07/2020,Santa Fe,72784,5
4/07/2020,Santa Fe,75371,5
5/07/2020,Santa Fe,77812,3
6/07/2020,Santa Fe,80446,5
7/07/2020,Santa Fe,83425,9
8/07/2020,Santa Fe,87021,14
9/07/2020,Santa Fe,90690,15
10/07/2020,Santa Fe,94058,6
20/03/2020,Santiago del Estero,160,1
27/03/2020,Santiago del Estero,691,1
2/04/2020,Santiago del Estero,1238,1
4/04/2020,Santiago del Estero,1443,1
6/04/2020,Santiago del Estero,1621,5
11/04/2020,Santiago del Estero,2133,3
25/04/2020,Santiago del Estero,3776,1
26/04/2020,Santiago del Estero,3888,2
10/05/2020,Santiago del Estero,6032,1
11/05/2020,Santiago del Estero,6277,0
12/05/2020,Santiago del Estero,6563,0
13/05/2020,Santiago del Estero,6878,0
14/05/2020,Santiago del Estero,7133,0
15/05/2020,Santiago del Estero,7478,0
16/05/2020,Santiago del Estero,7805,0
17/05/2020,Santiago del Estero,8068,0
18/05/2020,Santiago del Estero,8371,0
19/05/2020,Santiago del Estero,8809,6
20/05/2020,Santiago del Estero,9285,0
21/05/2020,Santiago del Estero,9929,0
22/05/2020,Santiago del Estero,10648,0
23/05/2020,Santiago del Estero,11349,0
24/05/2020,Santiago del Estero,12076,0
25/05/2020,Santiago del Estero,12625,0
26/05/2020,Santiago del Estero,13226,0
28/06/2020,Santiago del Estero,59933,1
29/06/2020,Santiago del Estero,62268,1
30/06/2020,Santiago del Estero,64530,0
1/07/2020,Santiago del Estero,67190,1
2/07/2020,Santiago del Estero,69941,0
3/07/2020,Santiago del Estero,72784,0
4/07/2020,Santiago del Estero,75371,0
5/07/2020,Santiago del Estero,77812,0
6/07/2020,Santiago del Estero,80447,1
7/07/2020,Santiago del Estero,83426,1
8/07/2020,Santiago del Estero,87029,8
9/07/2020,Santiago del Estero,90691,1
10/07/2020,Santiago del Estero,94058,0
24/03/2020,La Pampa,385,1
29/03/2020,La Pampa,818,2
8/04/2020,La Pampa,1768,1
10/04/2020,La Pampa,1943,1
14/06/2020,La Pampa,31548,1
15/06/2020,La Pampa,32769,0
16/06/2020,La Pampa,34108,0
17/06/2020,La Pampa,35522,0
18/06/2020,La Pampa,37452,0
19/06/2020,La Pampa,39495,0
20/06/2020,La Pampa,41165,0
21/06/2020,La Pampa,42738,0
22/06/2020,La Pampa,44901,0
23/06/2020,La Pampa,47130,0
24/06/2020,La Pampa,49783,1
25/06/2020,La Pampa,52361,0
26/06/2020,La Pampa,55282,0
27/06/2020,La Pampa,57699,0
28/06/2020,La Pampa,59902,0
29/06/2020,La Pampa,62213,0
30/06/2020,La Pampa,64487,0
1/07/2020,La Pampa,67153,0
2/07/2020,La Pampa,69888,0
3/07/2020,La Pampa,72714,0
4/07/2020,La Pampa,75292,0
5/07/2020,La Pampa,77782,0
6/07/2020,La Pampa,80382,0
7/07/2020,La Pampa,83335,0
8/07/2020,La Pampa,86931,0
9/07/2020,La Pampa,90619,0
10/07/2020,La Pampa,93988,0
21/03/2020,Mendoza,213,5
25/03/2020,Mendoza,478,1
26/03/2020,Mendoza,590,1
27/03/2020,Mendoza,684,1
28/03/2020,Mendoza,744,1
29/03/2020,Mendoza,820,1
30/03/2020,Mendoza,959,3
31/03/2020,Mendoza,1023,2
1/04/2020,Mendoza,1105,10
2/04/2020,Mendoza,1266,0
3/04/2020,Mendoza,1342,2
5/04/2020,Mendoza,1527,2
6/04/2020,Mendoza,1599,1
7/04/2020,Mendoza,1697,2
8/04/2020,Mendoza,1774,6
9/04/2020,Mendoza,1893,2
10/04/2020,Mendoza,1952,9
11/04/2020,Mendoza,2099,5
12/04/2020,Mendoza,2188,3
13/04/2020,Mendoza,2267,2
14/04/2020,Mendoza,2418,3
15/04/2020,Mendoza,2553,1
16/04/2020,Mendoza,2650,5
17/04/2020,Mendoza,2748,1
19/04/2020,Mendoza,2926,3
20/04/2020,Mendoza,3014,1
22/04/2020,Mendoza,3261,1
23/04/2020,Mendoza,3422,1
28/04/2020,Mendoza,4106,1
29/04/2020,Mendoza,4272,2
30/04/2020,Mendoza,4407,5
1/05/2020,Mendoza,4522,1
2/05/2020,Mendoza,4679,0
3/05/2020,Mendoza,4780,0
5/05/2020,Mendoza,5019,1
8/05/2020,Mendoza,5609,1
9/05/2020,Mendoza,5771,0
10/05/2020,Mendoza,6029,0
12/05/2020,Mendoza,6561,1
13/05/2020,Mendoza,6873,0
14/05/2020,Mendoza,7128,0
15/05/2020,Mendoza,7461,0
16/05/2020,Mendoza,7798,0
17/05/2020,Mendoza,8066,0
18/05/2020,Mendoza,8364,0
19/05/2020,Mendoza,8797,2
20/05/2020,Mendoza,9281,0
21/05/2020,Mendoza,9923,0
22/05/2020,Mendoza,10636,0
23/05/2020,Mendoza,11344,0
24/05/2020,Mendoza,12068,0
25/05/2020,Mendoza,12621,0
26/05/2020,Mendoza,13214,0
27/05/2020,Mendoza,13920,0
28/05/2020,Mendoza,14689,0
29/05/2020,Mendoza,15405,0
30/05/2020,Mendoza,16204,3
31/05/2020,Mendoza,16842,0
1/06/2020,Mendoza,17394,8
2/06/2020,Mendoza,18309,0
3/06/2020,Mendoza,19238,0
4/06/2020,Mendoza,20182,0
5/06/2020,Mendoza,21027,1
6/06/2020,Mendoza,22000,-1
7/06/2020,Mendoza,22780,0
8/06/2020,Mendoza,23609,1
9/06/2020,Mendoza,24742,1
10/06/2020,Mendoza,25961,0
11/06/2020,Mendoza,27343,1
12/06/2020,Mendoza,28742,2
13/06/2020,Mendoza,30265,0
14/06/2020,Mendoza,31555,7
15/06/2020,Mendoza,32769,0
16/06/2020,Mendoza,34111,3
17/06/2020,Mendoza,35523,1
18/06/2020,Mendoza,37455,3
19/06/2020,Mendoza,39498,3
20/06/2020,Mendoza,41170,5
21/06/2020,Mendoza,42743,5
22/06/2020,Mendoza,44904,3
23/06/2020,Mendoza,47139,8
24/06/2020,Mendoza,49798,8
25/06/2020,Mendoza,52364,1
26/06/2020,Mendoza,55286,3
27/06/2020,Mendoza,57706,6
28/06/2020,Mendoza,59908,6
29/06/2020,Mendoza,62218,1
30/06/2020,Mendoza,64495,4
1/07/2020,Mendoza,67161,7
2/07/2020,Mendoza,69893,2
3/07/2020,Mendoza,72720,3
4/07/2020,Mendoza,75301,4
5/07/2020,Mendoza,77795,7
6/07/2020,Mendoza,80391,4
7/07/2020,Mendoza,83361,23
8/07/2020,Mendoza,86967,22
9/07/2020,Mendoza,90631,11
10/07/2020,Mendoza,94006,12
9/03/2020,Chaco,18,5
15/03/2020,Chaco,58,4
16/03/2020,Chaco,68,3
17/03/2020,Chaco,77,1
18/03/2020,Chaco,93,1
19/03/2020,Chaco,127,2
20/03/2020,Chaco,154,1
21/03/2020,Chaco,208,5
22/03/2020,Chaco,261,7
23/03/2020,Chaco,303,4
24/03/2020,Chaco,370,9
25/03/2020,Chaco,465,12
26/03/2020,Chaco,576,3
27/03/2020,Chaco,656,3
28/03/2020,Chaco,736,5
29/03/2020,Chaco,779,4
30/03/2020,Chaco,903,12
31/03/2020,Chaco,1006,3
1/04/2020,Chaco,1087,12
2/04/2020,Chaco,1197,3
3/04/2020,Chaco,1324,8
4/04/2020,Chaco,1422,8
6/04/2020,Chaco,1588,4
7/04/2020,Chaco,1690,4
8/04/2020,Chaco,1766,15
9/04/2020,Chaco,1880,6
10/04/2020,Chaco,1929,5
12/04/2020,Chaco,2179,1
13/04/2020,Chaco,2251,3
14/04/2020,Chaco,2397,31
15/04/2020,Chaco,2542,7
16/04/2020,Chaco,2627,11
17/04/2020,Chaco,2740,22
18/04/2020,Chaco,2828,24
19/04/2020,Chaco,2908,5
20/04/2020,Chaco,3010,5
21/04/2020,Chaco,3130,5
22/04/2020,Chaco,3251,7
23/04/2020,Chaco,3418,10
24/04/2020,Chaco,3581,7
25/04/2020,Chaco,3763,7
26/04/2020,Chaco,3876,3
27/04/2020,Chaco,3984,10
29/04/2020,Chaco,4268,4
30/04/2020,Chaco,4399,3
1/05/2020,Chaco,4502,12
2/05/2020,Chaco,4669,11
3/05/2020,Chaco,4772,5
4/05/2020,Chaco,4868,5
5/05/2020,Chaco,5012,11
6/05/2020,Chaco,5193,8
7/05/2020,Chaco,5361,26
8/05/2020,Chaco,5604,26
9/05/2020,Chaco,5763,9
10/05/2020,Chaco,6024,32
11/05/2020,Chaco,6232,17
12/05/2020,Chaco,6556,10
13/05/2020,Chaco,6856,18
14/05/2020,Chaco,7119,9
15/05/2020,Chaco,7459,25
16/05/2020,Chaco,7789,21
17/05/2020,Chaco,8045,19
18/05/2020,Chaco,8343,13
19/05/2020,Chaco,8786,34
20/05/2020,Chaco,9279,35
21/05/2020,Chaco,9911,34
22/05/2020,Chaco,10627,27
23/05/2020,Chaco,11344,7
24/05/2020,Chaco,12062,20
25/05/2020,Chaco,12618,9
26/05/2020,Chaco,13213,23
27/05/2020,Chaco,13918,16
28/05/2020,Chaco,14684,28
29/05/2020,Chaco,15401,26
30/05/2020,Chaco,16198,24
31/05/2020,Chaco,16839,13
1/06/2020,Chaco,17380,3
2/06/2020,Chaco,18304,30
3/06/2020,Chaco,19234,6
4/06/2020,Chaco,20180,53
5/06/2020,Chaco,21017,29
6/06/2020,Chaco,21991,19
7/06/2020,Chaco,22772,18
8/06/2020,Chaco,23604,45
9/06/2020,Chaco,24729,28
10/06/2020,Chaco,25952,45
11/06/2020,Chaco,27330,48
12/06/2020,Chaco,28722,39
13/06/2020,Chaco,30221,49
14/06/2020,Chaco,31516,27
15/06/2020,Chaco,32742,38
16/06/2020,Chaco,34093,23
17/06/2020,Chaco,35500,20
18/06/2020,Chaco,37419,68
19/06/2020,Chaco,39463,31
20/06/2020,Chaco,41120,24
21/06/2020,Chaco,42709,52
22/06/2020,Chaco,44867,20
23/06/2020,Chaco,47079,55
24/06/2020,Chaco,49728,37
25/06/2020,Chaco,52336,61
26/06/2020,Chaco,55193,76
27/06/2020,Chaco,57668,52
28/06/2020,Chaco,59868,47
29/06/2020,Chaco,62187,31
30/06/2020,Chaco,64456,70
1/07/2020,Chaco,67103,60
2/07/2020,Chaco,69851,81
3/07/2020,Chaco,72663,37
4/07/2020,Chaco,75260,53
5/07/2020,Chaco,77754,47
6/07/2020,Chaco,80313,26
7/07/2020,Chaco,83246,22
8/07/2020,Chaco,86844,59
9/07/2020,Chaco,90500,30
10/07/2020,Chaco,93910,50
20/03/2020,Neuquén,159,1
24/03/2020,Neuquén,386,1
25/03/2020,Neuquén,479,1
26/03/2020,Neuquén,585,3
27/03/2020,Neuquén,683,4
28/03/2020,Neuquén,742,1
28/03/2020,Neuquén,743,1
30/03/2020,Neuquén,967,8
1/04/2020,Neuquén,1109,4
2/04/2020,Neuquén,1225,4
3/04/2020,Neuquén,1343,1
4/04/2020,Neuquén,1431,4
5/04/2020,Neuquén,1538,11
6/04/2020,Neuquén,1605,6
7/04/2020,Neuquén,1700,3
8/04/2020,Neuquén,1791,17
9/04/2020,Neuquén,1874,7
10/04/2020,Neuquén,1959,7
11/04/2020,Neuquén,2100,1
12/04/2020,Neuquén,2189,1
13/04/2020,Neuquén,2269,2
14/04/2020,Neuquén,2420,2
15/04/2020,Neuquén,2554,1
16/04/2020,Neuquén,2651,1
17/04/2020,Neuquén,2750,1
18/04/2020,Neuquén,2834,3
19/04/2020,Neuquén,2929,3
20/04/2020,Neuquén,3017,3
22/04/2020,Neuquén,3262,1
23/04/2020,Neuquén,3423,1
26/04/2020,Neuquén,3891,1
27/04/2020,Neuquén,3989,3
28/04/2020,Neuquén,4127,0
29/04/2020,Neuquén,4277,1
30/04/2020,Neuquén,4408,1
9/05/2020,Neuquén,5771,1
10/05/2020,Neuquén,6029,0
11/05/2020,Neuquén,6263,0
12/05/2020,Neuquén,6561,0
13/05/2020,Neuquén,6874,2
14/05/2020,Neuquén,7129,1
15/05/2020,Neuquén,7461,0
16/05/2020,Neuquén,7798,0
17/05/2020,Neuquén,8066,0
18/05/2020,Neuquén,8364,0
19/05/2020,Neuquén,8797,0
20/05/2020,Neuquén,9281,0
21/05/2020,Neuquén,9923,0
22/05/2020,Neuquén,10636,0
23/05/2020,Neuquén,11344,0
24/05/2020,Neuquén,12069,1
25/05/2020,Neuquén,12622,1
26/05/2020,Neuquén,13221,7
27/05/2020,Neuquén,13922,2
28/05/2020,Neuquén,14694,3
29/05/2020,Neuquén,15407,2
30/05/2020,Neuquén,16205,1
31/05/2020,Neuquén,16846,3
1/06/2020,Neuquén,17397,3
2/06/2020,Neuquén,18312,3
3/06/2020,Neuquén,19249,10
4/06/2020,Neuquén,20184,0
5/06/2020,Neuquén,21028,1
6/06/2020,Neuquén,22003,1
7/06/2020,Neuquén,22783,0
8/06/2020,Neuquén,23609,0
9/06/2020,Neuquén,24747,5
10/06/2020,Neuquén,25971,10
11/06/2020,Neuquén,27358,14
12/06/2020,Neuquén,28748,6
13/06/2020,Neuquén,30278,13
14/06/2020,Neuquén,31564,9
15/06/2020,Neuquén,32773,3
16/06/2020,Neuquén,34139,28
17/06/2020,Neuquén,35534,11
18/06/2020,Neuquén,37471,16
19/06/2020,Neuquén,39525,27
20/06/2020,Neuquén,41179,9
21/06/2020,Neuquén,42752,9
22/06/2020,Neuquén,44915,11
23/06/2020,Neuquén,47168,29
24/06/2020,Neuquén,49810,12
25/06/2020,Neuquén,52385,20
26/06/2020,Neuquén,55317,31
27/06/2020,Neuquén,57722,16
28/06/2020,Neuquén,59920,12
29/06/2020,Neuquén,62237,18
30/06/2020,Neuquén,64513,18
1/07/2020,Neuquén,67173,12
2/07/2020,Neuquén,69905,12
3/07/2020,Neuquén,72748,28
4/07/2020,Neuquén,75321,20
5/07/2020,Neuquén,77804,9
6/07/2020,Neuquén,80427,34
7/07/2020,Neuquén,83383,22
8/07/2020,Neuquén,86990,23
9/07/2020,Neuquén,90641,10
10/07/2020,Neuquén,94020,14
29/03/2020,La Rioja,819,1
31/03/2020,La Rioja,1055,0
2/04/2020,La Rioja,1221,3
4/04/2020,La Rioja,1427,2
5/04/2020,La Rioja,1525,2
6/04/2020,La Rioja,1598,1
9/04/2020,La Rioja,1890,5
11/04/2020,La Rioja,2094,4
12/04/2020,La Rioja,2185,1
13/04/2020,La Rioja,2265,3
14/04/2020,La Rioja,2415,6
15/04/2020,La Rioja,2552,3
16/04/2020,La Rioja,2645,3
17/04/2020,La Rioja,2747,1
19/04/2020,La Rioja,2923,4
20/04/2020,La Rioja,3031,0
21/04/2020,La Rioja,3131,1
22/04/2020,La Rioja,3260,5
24/04/2020,La Rioja,3590,2
25/04/2020,La Rioja,3768,3
26/04/2020,La Rioja,3885,0
28/04/2020,La Rioja,4105,1
29/04/2020,La Rioja,4270,1
1/05/2020,La Rioja,4521,3
4/05/2020,La Rioja,4875,1
6/05/2020,La Rioja,5202,1
7/05/2020,La Rioja,5367,1
8/05/2020,La Rioja,5608,1
9/05/2020,La Rioja,5770,0
10/05/2020,La Rioja,6029,0
11/05/2020,La Rioja,6263,1
12/05/2020,La Rioja,6560,0
13/05/2020,La Rioja,6873,0
14/05/2020,La Rioja,7128,0
15/05/2020,La Rioja,7461,0
16/05/2020,La Rioja,7798,0
17/05/2020,La Rioja,8066,1
18/05/2020,La Rioja,8364,2
19/05/2020,La Rioja,8795,0
20/05/2020,La Rioja,9281,0
21/05/2020,La Rioja,9923,0
22/05/2020,La Rioja,10636,0
23/05/2020,La Rioja,11344,0
24/05/2020,La Rioja,12068,0
25/05/2020,La Rioja,12621,0
26/05/2020,La Rioja,13214,0
27/05/2020,La Rioja,13920,0
28/05/2020,La Rioja,14689,0
29/05/2020,La Rioja,15405,0
30/05/2020,La Rioja,16201,0
31/05/2020,La Rioja,16842,0
1/06/2020,La Rioja,17386,0
2/06/2020,La Rioja,18309,0
3/06/2020,La Rioja,19238,0
4/06/2020,La Rioja,20182,0
5/06/2020,La Rioja,21026,0
6/06/2020,La Rioja,22001,0
7/06/2020,La Rioja,22780,1
8/06/2020,La Rioja,23608,0
9/06/2020,La Rioja,24741,0
10/06/2020,La Rioja,25961,0
11/06/2020,La Rioja,27342,0
12/06/2020,La Rioja,28740,0
13/06/2020,La Rioja,30265,0
14/06/2020,La Rioja,31548,0
15/06/2020,La Rioja,32769,0
16/06/2020,La Rioja,34108,0
17/06/2020,La Rioja,35522,0
18/06/2020,La Rioja,37452,0
19/06/2020,La Rioja,39495,0
20/06/2020,La Rioja,41165,0
21/06/2020,La Rioja,42738,0
22/06/2020,La Rioja,44901,0
23/06/2020,La Rioja,47131,1
24/06/2020,La Rioja,49790,7
25/06/2020,La Rioja,52363,2
26/06/2020,La Rioja,55283,1
27/06/2020,La Rioja,57700,1
28/06/2020,La Rioja,59902,0
29/06/2020,La Rioja,62217,4
30/06/2020,La Rioja,64491,4
1/07/2020,La Rioja,67154,1
2/07/2020,La Rioja,69891,3
3/07/2020,La Rioja,72717,3
4/07/2020,La Rioja,75297,5
5/07/2020,La Rioja,77788,6
6/07/2020,La Rioja,80387,5
7/07/2020,La Rioja,83338,3
8/07/2020,La Rioja,86945,14
9/07/2020,La Rioja,90620,1
10/07/2020,La Rioja,93994,6
29/03/2020,San Juan,815,1
11/04/2020,San Juan,2124,1
7/05/2020,San Juan,5371,1
18/05/2020,San Juan,8367,1
19/05/2020,San Juan,8803,0
20/05/2020,San Juan,9283,0
21/05/2020,San Juan,9926,0
22/05/2020,San Juan,10642,0
23/05/2020,San Juan,11349,0
24/05/2020,San Juan,12074,0
25/05/2020,San Juan,12626,0
26/05/2020,San Juan,13225,0
27/05/2020,San Juan,13931,1
28/05/2020,San Juan,14701,0
29/05/2020,San Juan,15419,0
30/05/2020,San Juan,16210,0
31/05/2020,San Juan,16850,0
1/06/2020,San Juan,17408,0
2/06/2020,San Juan,18315,0
3/06/2020,San Juan,19265,0
4/06/2020,San Juan,20192,0
5/06/2020,San Juan,21036,0
6/06/2020,San Juan,22018,0
7/06/2020,San Juan,22793,0
8/06/2020,San Juan,23620,0
9/06/2020,San Juan,24760,0
10/06/2020,San Juan,25983,0
10/06/2020,San Juan,25985,1
11/06/2020,San Juan,27372,0
11/06/2020,San Juan,27372,0
12/06/2020,San Juan,28764,0
12/06/2020,San Juan,28764,0
13/06/2020,San Juan,30291,0
13/06/2020,San Juan,30294,1
14/06/2020,San Juan,31570,0
14/06/2020,San Juan,31571,0
15/06/2020,San Juan,32785,0
15/06/2020,San Juan,32785,0
16/06/2020,San Juan,34156,0
16/06/2020,San Juan,34156,0
17/06/2020,San Juan,35548,0
17/06/2020,San Juan,35549,0
18/06/2020,San Juan,37498,0
18/06/2020,San Juan,37498,0
19/06/2020,San Juan,39559,0
19/06/2020,San Juan,39559,0
20/06/2020,San Juan,41198,0
20/06/2020,San Juan,41198,0
21/06/2020,San Juan,42768,0
21/06/2020,San Juan,42768,0
22/06/2020,San Juan,44924,1
22/06/2020,San Juan,44925,0
23/06/2020,San Juan,47187,0
23/06/2020,San Juan,47187,0
24/06/2020,San Juan,49834,0
24/06/2020,San Juan,49837,0
25/06/2020,San Juan,52435,0
25/06/2020,San Juan,52435,0
26/06/2020,San Juan,55330,0
26/06/2020,San Juan,55330,0
27/06/2020,San Juan,57736,0
27/06/2020,San Juan,57738,0
28/06/2020,San Juan,59926,0
28/06/2020,San Juan,59926,0
29/06/2020,San Juan,62261,0
29/06/2020,San Juan,62264,0
30/06/2020,San Juan,64528,0
30/06/2020,San Juan,64529,0
1/07/2020,San Juan,67186,0
1/07/2020,San Juan,67188,0
2/07/2020,San Juan,69939,0
2/07/2020,San Juan,69939,0
3/07/2020,San Juan,72771,0
3/07/2020,San Juan,72779,0
4/07/2020,San Juan,75349,0
5/07/2020,San Juan,77807,0
6/07/2020,San Juan,80437,1
7/07/2020,San Juan,83416,0
8/07/2020,San Juan,87007,0
9/07/2020,San Juan,90673,0
10/07/2020,San Juan,94048,0
20/03/2020,Corrientes,158,1
21/03/2020,Corrientes,222,2
27/03/2020,Corrientes,690,3
28/03/2020,Corrientes,746,2
29/03/2020,Corrientes,816,1
30/03/2020,Corrientes,953,10
31/03/2020,Corrientes,1021,1
1/04/2020,Corrientes,1094,1
2/04/2020,Corrientes,1214,1
6/04/2020,Corrientes,1597,2
13/04/2020,Corrientes,2262,7
14/04/2020,Corrientes,2409,0
20/04/2020,Corrientes,3013,3
23/04/2020,Corrientes,3421,1
24/04/2020,Corrientes,3588,4
25/04/2020,Corrientes,3765,1
26/04/2020,Corrientes,3885,6
28/04/2020,Corrientes,4104,1
30/04/2020,Corrientes,4402,1
1/05/2020,Corrientes,4516,0
6/05/2020,Corrientes,5201,3
7/05/2020,Corrientes,5366,1
8/05/2020,Corrientes,5607,1
9/05/2020,Corrientes,5770,1
10/05/2020,Corrientes,6029,0
11/05/2020,Corrientes,6262,16
12/05/2020,Corrientes,6560,1
13/05/2020,Corrientes,6872,5
14/05/2020,Corrientes,7127,3
15/05/2020,Corrientes,7462,0
16/05/2020,Corrientes,7798,0
17/05/2020,Corrientes,8065,0
18/05/2020,Corrientes,8362,-1
19/05/2020,Corrientes,8795,0
20/05/2020,Corrientes,9281,0
21/05/2020,Corrientes,9923,0
22/05/2020,Corrientes,10636,0
23/05/2020,Corrientes,11344,0
24/05/2020,Corrientes,12068,0
25/05/2020,Corrientes,12621,0
26/05/2020,Corrientes,13214,0
27/05/2020,Corrientes,13920,2
28/05/2020,Corrientes,14687,1
29/05/2020,Corrientes,15405,6
30/05/2020,Corrientes,16200,0
31/05/2020,Corrientes,16842,1
1/06/2020,Corrientes,17386,6
2/06/2020,Corrientes,18307,2
3/06/2020,Corrientes,19236,0
4/06/2020,Corrientes,20182,0
5/06/2020,Corrientes,21022,0
6/06/2020,Corrientes,21991,0
7/06/2020,Corrientes,22777,0
8/06/2020,Corrientes,23606,0
9/06/2020,Corrientes,24737,1
10/06/2020,Corrientes,25957,0
11/06/2020,Corrientes,27336,3
12/06/2020,Corrientes,28735,0
13/06/2020,Corrientes,30237,1
14/06/2020,Corrientes,31526,2
15/06/2020,Corrientes,32767,1
16/06/2020,Corrientes,34096,1
17/06/2020,Corrientes,35516,2
18/06/2020,Corrientes,37439,1
19/06/2020,Corrientes,39490,5
20/06/2020,Corrientes,41144,1
21/06/2020,Corrientes,42728,0
22/06/2020,Corrientes,44883,0
23/06/2020,Corrientes,47104,0
24/06/2020,Corrientes,49732,0
25/06/2020,Corrientes,52343,0
26/06/2020,Corrientes,55211,0
27/06/2020,Corrientes,57684,1
28/06/2020,Corrientes,59878,0
29/06/2020,Corrientes,62192,2
30/06/2020,Corrientes,64475,0
1/07/2020,Corrientes,67123,1
2/07/2020,Corrientes,69859,0
3/07/2020,Corrientes,72683,0
4/07/2020,Corrientes,75273,0
5/07/2020,Corrientes,77775,1
6/07/2020,Corrientes,80348,1
7/07/2020,Corrientes,83295,1
8/07/2020,Corrientes,86882,4
9/07/2020,Corrientes,90546,0
10/07/2020,Corrientes,93940,0
12/06/2020,Formosa,28740,1
13/06/2020,Formosa,30265,26
14/06/2020,Formosa,31547,6
15/06/2020,Formosa,32769,0
16/06/2020,Formosa,34108,0
17/06/2020,Formosa,35521,0
18/06/2020,Formosa,37449,4
19/06/2020,Formosa,39494,0
20/06/2020,Formosa,41165,2
21/06/2020,Formosa,42738,0
22/06/2020,Formosa,44899,0
23/06/2020,Formosa,47127,6
24/06/2020,Formosa,49756,0
25/06/2020,Formosa,52360,0
26/06/2020,Formosa,55255,25
27/06/2020,Formosa,57696,0
28/06/2020,Formosa,59902,0
29/06/2020,Formosa,62197,0
30/06/2020,Formosa,64481,0
1/07/2020,Formosa,67136,4
2/07/2020,Formosa,69874,1
3/07/2020,Formosa,72694,0
4/07/2020,Formosa,75278,0
5/07/2020,Formosa,77781,0
6/07/2020,Formosa,80353,0
7/07/2020,Formosa,83305,0
8/07/2020,Formosa,86893,0
9/07/2020,Formosa,90567,0
10/07/2020,Formosa,93965,0
17/03/2020,Entre Ríos,81,1
18/03/2020,Entre Ríos,101,1
20/03/2020,Entre Ríos,157,2
25/03/2020,Entre Ríos,477,3
27/03/2020,Entre Ríos,679,3
30/03/2020,Entre Ríos,956,3
1/04/2020,Entre Ríos,1095,1
2/04/2020,Entre Ríos,1216,2
3/04/2020,Entre Ríos,1340,2
5/04/2020,Entre Ríos,1523,1
7/04/2020,Entre Ríos,1695,1
9/04/2020,Entre Ríos,1891,1
16/04/2020,Entre Ríos,2642,1
26/04/2020,Entre Ríos,3892,1
1/05/2020,Entre Ríos,4518,2
3/05/2020,Entre Ríos,4782,2
5/05/2020,Entre Ríos,5020,1
13/05/2020,Entre Ríos,6873,1
14/05/2020,Entre Ríos,7128,1
15/05/2020,Entre Ríos,7461,-1
16/05/2020,Entre Ríos,7798,0
17/05/2020,Entre Ríos,8065,0
18/05/2020,Entre Ríos,8362,0
19/05/2020,Entre Ríos,8795,0
20/05/2020,Entre Ríos,9281,0
21/05/2020,Entre Ríos,9923,0
22/05/2020,Entre Ríos,10636,0
23/05/2020,Entre Ríos,11344,0
24/05/2020,Entre Ríos,12068,0
25/05/2020,Entre Ríos,12621,0
26/05/2020,Entre Ríos,13214,0
27/05/2020,Entre Ríos,13920,0
28/05/2020,Entre Ríos,14688,1
29/05/2020,Entre Ríos,15405,0
30/05/2020,Entre Ríos,16201,1
31/05/2020,Entre Ríos,16842,0
1/06/2020,Entre Ríos,17386,0
2/06/2020,Entre Ríos,18309,2
3/06/2020,Entre Ríos,19238,2
4/06/2020,Entre Ríos,20182,0
5/06/2020,Entre Ríos,21026,4
6/06/2020,Entre Ríos,22001,10
7/06/2020,Entre Ríos,22779,2
8/06/2020,Entre Ríos,23608,2
9/06/2020,Entre Ríos,24739,2
10/06/2020,Entre Ríos,25961,4
11/06/2020,Entre Ríos,27342,6
12/06/2020,Entre Ríos,28739,4
13/06/2020,Entre Ríos,30239,2
14/06/2020,Entre Ríos,31541,15
15/06/2020,Entre Ríos,32769,2
16/06/2020,Entre Ríos,34108,12
17/06/2020,Entre Ríos,35521,5
18/06/2020,Entre Ríos,37445,6
19/06/2020,Entre Ríos,39494,4
20/06/2020,Entre Ríos,41163,19
21/06/2020,Entre Ríos,42738,10
22/06/2020,Entre Ríos,44899,16
23/06/2020,Entre Ríos,47121,17
24/06/2020,Entre Ríos,49756,24
25/06/2020,Entre Ríos,52360,17
26/06/2020,Entre Ríos,55230,19
27/06/2020,Entre Ríos,57696,12
28/06/2020,Entre Ríos,59902,24
29/06/2020,Entre Ríos,62197,5
30/06/2020,Entre Ríos,64481,6
1/07/2020,Entre Ríos,67132,9
2/07/2020,Entre Ríos,69873,14
3/07/2020,Entre Ríos,72694,11
4/07/2020,Entre Ríos,75278,5
5/07/2020,Entre Ríos,77781,6
6/07/2020,Entre Ríos,80353,5
7/07/2020,Entre Ríos,83305,10
8/07/2020,Entre Ríos,86893,11
9/07/2020,Entre Ríos,90567,21
10/07/2020,Entre Ríos,93965,25
9/03/2020,San Luis,13,2
25/03/2020,San Luis,474,4
26/03/2020,San Luis,590,0
1/04/2020,San Luis,1112,1
2/04/2020,San Luis,1227,2
3/04/2020,San Luis,1345,1
6/04/2020,San Luis,1608,1
4/07/2020,San Luis,75366,1
5/07/2020,San Luis,77809,0
6/07/2020,San Luis,80437,0
7/07/2020,San Luis,83416,0
8/07/2020,San Luis,87007,0
9/07/2020,San Luis,90673,0
10/07/2020,San Luis,94048,0
17/03/2020,Jujuy,78,1
26/03/2020,Jujuy,587,2
2/04/2020,Jujuy,1218,2
28/05/2020,Jujuy,14689,1
29/05/2020,Jujuy,15405,0
30/05/2020,Jujuy,16201,0
31/05/2020,Jujuy,16842,0
1/06/2020,Jujuy,17386,0
2/06/2020,Jujuy,18309,0
3/06/2020,Jujuy,19238,0
4/06/2020,Jujuy,20182,0
5/06/2020,Jujuy,21026,0
6/06/2020,Jujuy,22001,0
7/06/2020,Jujuy,22779,0
8/06/2020,Jujuy,23608,0
9/06/2020,Jujuy,24741,2
10/06/2020,Jujuy,25961,0
11/06/2020,Jujuy,27342,0
12/06/2020,Jujuy,28740,0
13/06/2020,Jujuy,30265,0
14/06/2020,Jujuy,31547,0
15/06/2020,Jujuy,32769,0
16/06/2020,Jujuy,34108,0
17/06/2020,Jujuy,35522,1
18/06/2020,Jujuy,37452,3
19/06/2020,Jujuy,39495,1
20/06/2020,Jujuy,41165,0
21/06/2020,Jujuy,42738,0
22/06/2020,Jujuy,44901,2
23/06/2020,Jujuy,47130,3
24/06/2020,Jujuy,49782,26
25/06/2020,Jujuy,52361,1
26/06/2020,Jujuy,55282,27
27/06/2020,Jujuy,57699,3
28/06/2020,Jujuy,59902,0
29/06/2020,Jujuy,62213,16
30/06/2020,Jujuy,64487,6
1/07/2020,Jujuy,67153,17
2/07/2020,Jujuy,69888,14
3/07/2020,Jujuy,72714,20
4/07/2020,Jujuy,75292,14
5/07/2020,Jujuy,77782,1
6/07/2020,Jujuy,80382,29
7/07/2020,Jujuy,83335,30
8/07/2020,Jujuy,86931,38
9/07/2020,Jujuy,90619,52
10/07/2020,Jujuy,93988,23
27/03/2020,Misiones,692,1
29/03/2020,Misiones,821,1
31/03/2020,Misiones,1024,1
17/04/2020,Misiones,2749,1
18/04/2020,Misiones,2831,1
24/04/2020,Misiones,3591,1
27/04/2020,Misiones,3986,2
29/04/2020,Misiones,4276,4
2/05/2020,Misiones,4658,12
3/05/2020,Misiones,4767,0
4/05/2020,Misiones,4876,1
11/05/2020,Misiones,6264,1
13/05/2020,Misiones,6872,-1
14/05/2020,Misiones,7128,0
15/05/2020,Misiones,7461,0
16/05/2020,Misiones,7798,0
17/05/2020,Misiones,8066,0
18/05/2020,Misiones,8364,0
19/05/2020,Misiones,8797,0
20/05/2020,Misiones,9281,0
21/05/2020,Misiones,9923,0
22/05/2020,Misiones,10636,0
23/05/2020,Misiones,11344,0
24/05/2020,Misiones,12068,0
25/05/2020,Misiones,12621,0
26/05/2020,Misiones,13214,0
27/05/2020,Misiones,13920,0
28/05/2020,Misiones,14691,2
29/05/2020,Misiones,15405,0
30/05/2020,Misiones,16204,0
31/05/2020,Misiones,16843,1
1/06/2020,Misiones,17394,0
2/06/2020,Misiones,18309,0
3/06/2020,Misiones,19239,1
4/06/2020,Misiones,20184,2
5/06/2020,Misiones,21027,0
6/06/2020,Misiones,22002,2
7/06/2020,Misiones,22783,3
8/06/2020,Misiones,23609,0
9/06/2020,Misiones,24742,0
10/06/2020,Misiones,25961,0
11/06/2020,Misiones,27344,1
12/06/2020,Misiones,28742,0
13/06/2020,Misiones,30265,0
14/06/2020,Misiones,31555,0
15/06/2020,Misiones,32770,1
16/06/2020,Misiones,34111,0
17/06/2020,Misiones,35523,0
18/06/2020,Misiones,37455,0
19/06/2020,Misiones,39498,0
20/06/2020,Misiones,41170,0
21/06/2020,Misiones,42743,0
22/06/2020,Misiones,44904,0
23/06/2020,Misiones,47139,0
24/06/2020,Misiones,49798,0
25/06/2020,Misiones,52365,1
26/06/2020,Misiones,55286,0
27/06/2020,Misiones,57706,0
28/06/2020,Misiones,59908,0
29/06/2020,Misiones,62219,1
30/06/2020,Misiones,64495,0
1/07/2020,Misiones,67161,0
2/07/2020,Misiones,69893,0
3/07/2020,Misiones,72720,0
4/07/2020,Misiones,75301,0
5/07/2020,Misiones,77795,0
6/07/2020,Misiones,80393,2
7/07/2020,Misiones,83361,0
8/07/2020,Misiones,86967,0
9/07/2020,Misiones,90631,0
10/07/2020,Misiones,94006,0
19/03/2020,Tucumán,128,1
21/03/2020,Tucumán,226,1
22/03/2020,Tucumán,266,5
25/03/2020,Tucumán,482,2
27/03/2020,Tucumán,667,6
29/03/2020,Tucumán,821,0
30/03/2020,Tucumán,967,0
31/03/2020,Tucumán,1055,1
1/04/2020,Tucumán,1134,1
2/04/2020,Tucumán,1266,4
3/04/2020,Tucumán,1354,0
4/04/2020,Tucumán,1452,1
6/04/2020,Tucumán,1628,5
7/04/2020,Tucumán,1716,1
8/04/2020,Tucumán,1796,0
9/04/2020,Tucumán,1894,1
11/04/2020,Tucumán,2142,1
20/04/2020,Tucumán,3031,1
22/04/2020,Tucumán,3287,3
26/04/2020,Tucumán,3781,1
28/04/2020,Tucumán,4127,1
30/04/2020,Tucumán,4427,2
4/05/2020,Tucumán,4886,3
11/05/2020,Tucumán,6278,1
12/05/2020,Tucumán,6563,0
13/05/2020,Tucumán,6878,0
14/05/2020,Tucumán,7133,0
15/05/2020,Tucumán,7478,0
16/05/2020,Tucumán,7805,0
17/05/2020,Tucumán,8068,0
18/05/2020,Tucumán,8371,0
19/05/2020,Tucumán,8809,0
20/05/2020,Tucumán,9285,0
21/05/2020,Tucumán,9930,1
22/05/2020,Tucumán,10648,0
23/05/2020,Tucumán,11352,3
24/05/2020,Tucumán,12075,-1
25/05/2020,Tucumán,12627,2
26/05/2020,Tucumán,13226,0
27/05/2020,Tucumán,13932,0
28/05/2020,Tucumán,14701,0
29/05/2020,Tucumán,15419,0
30/05/2020,Tucumán,16214,1
31/05/2020,Tucumán,16851,0
1/06/2020,Tucumán,17415,0
2/06/2020,Tucumán,18319,0
3/06/2020,Tucumán,19268,0
4/06/2020,Tucumán,20197,0
5/06/2020,Tucumán,21037,0
6/06/2020,Tucumán,22020,0
7/06/2020,Tucumán,22794,0
8/06/2020,Tucumán,23621,0
9/06/2020,Tucumán,24763,0
10/06/2020,Tucumán,25988,0
11/06/2020,Tucumán,27374,0
12/06/2020,Tucumán,28765,1
13/06/2020,Tucumán,30295,1
14/06/2020,Tucumán,31577,6
15/06/2020,Tucumán,32785,0
16/06/2020,Tucumán,34159,0
17/06/2020,Tucumán,35552,1
18/06/2020,Tucumán,37510,1
19/06/2020,Tucumán,39570,0
20/06/2020,Tucumán,41204,0
21/06/2020,Tucumán,42785,0
22/06/2020,Tucumán,44931,1
23/06/2020,Tucumán,47216,0
24/06/2020,Tucumán,49851,10
25/06/2020,Tucumán,52457,1
26/06/2020,Tucumán,55343,1
27/06/2020,Tucumán,57744,1
28/06/2020,Tucumán,59933,0
29/06/2020,Tucumán,62268,0
30/06/2020,Tucumán,64530,0
1/07/2020,Tucumán,67197,7
2/07/2020,Tucumán,69941,0
3/07/2020,Tucumán,72786,2
4/07/2020,Tucumán,75376,1
5/07/2020,Tucumán,77815,3
6/07/2020,Tucumán,80447,0
7/07/2020,Tucumán,83426,0
8/07/2020,Tucumán,87030,1
9/07/2020,Tucumán,90693,1
10/07/2020,Tucumán,94060,2
15/03/2020,Tierra del Fuego,59,1
20/03/2020,Tierra del Fuego,155,1
21/03/2020,Tierra del Fuego,220,3
24/03/2020,Tierra del Fuego,381,4
25/03/2020,Tierra del Fuego,480,1
26/03/2020,Tierra del Fuego,582,3
28/03/2020,Tierra del Fuego,741,4
29/03/2020,Tierra del Fuego,814,4
30/03/2020,Tierra del Fuego,943,11
31/03/2020,Tierra del Fuego,1054,7
2/04/2020,Tierra del Fuego,1262,24
3/04/2020,Tierra del Fuego,1354,1
4/04/2020,Tierra del Fuego,1451,8
5/04/2020,Tierra del Fuego,1555,3
6/04/2020,Tierra del Fuego,1623,2
7/04/2020,Tierra del Fuego,1715,2
8/04/2020,Tierra del Fuego,1796,2
10/04/2020,Tierra del Fuego,1975,2
11/04/2020,Tierra del Fuego,2136,3
11/04/2020,Tierra del Fuego,2141,5
12/04/2020,Tierra del Fuego,2209,4
13/04/2020,Tierra del Fuego,2278,4
14/04/2020,Tierra del Fuego,2437,2
14/04/2020,Tierra del Fuego,2443,6
15/04/2020,Tierra del Fuego,2571,3
16/04/2020,Tierra del Fuego,2670,7
17/04/2020,Tierra del Fuego,2759,2
19/04/2020,Tierra del Fuego,2941,4
21/04/2020,Tierra del Fuego,3144,1
23/04/2020,Tierra del Fuego,3434,1
24/04/2020,Tierra del Fuego,3607,1
25/04/2020,Tierra del Fuego,3780,4
26/04/2020,Tierra del Fuego,3888,0
27/04/2020,Tierra del Fuego,4003,1
28/04/2020,Tierra del Fuego,4126,6
30/04/2020,Tierra del Fuego,4425,2
1/05/2020,Tierra del Fuego,4531,1
2/05/2020,Tierra del Fuego,4678,3
3/05/2020,Tierra del Fuego,4780,2
9/05/2020,Tierra del Fuego,5776,1
10/05/2020,Tierra del Fuego,6034,2
27/05/2020,Tierra del Fuego,13932,1
28/05/2020,Tierra del Fuego,14701,0
29/05/2020,Tierra del Fuego,15419,0
30/05/2020,Tierra del Fuego,16213,0
31/05/2020,Tierra del Fuego,16851,0
1/06/2020,Tierra del Fuego,17415,0
2/06/2020,Tierra del Fuego,18319,0
3/06/2020,Tierra del Fuego,19268,0
4/06/2020,Tierra del Fuego,20197,0
5/06/2020,Tierra del Fuego,21037,0
6/06/2020,Tierra del Fuego,22020,0
7/06/2020,Tierra del Fuego,22794,0
8/06/2020,Tierra del Fuego,23621,0
9/06/2020,Tierra del Fuego,24763,0
10/06/2020,Tierra del Fuego,25988,0
11/06/2020,Tierra del Fuego,27374,0
12/06/2020,Tierra del Fuego,28764,0
13/06/2020,Tierra del Fuego,30294,0
14/06/2020,Tierra del Fuego,31571,0
15/06/2020,Tierra del Fuego,32785,0
16/06/2020,Tierra del Fuego,34159,0
17/06/2020,Tierra del Fuego,35551,0
18/06/2020,Tierra del Fuego,37509,0
19/06/2020,Tierra del Fuego,39570,0
20/06/2020,Tierra del Fuego,41204,0
21/06/2020,Tierra del Fuego,42785,0
22/06/2020,Tierra del Fuego,44930,0
23/06/2020,Tierra del Fuego,47216,0
24/06/2020,Tierra del Fuego,49841,0
25/06/2020,Tierra del Fuego,52456,0
26/06/2020,Tierra del Fuego,55342,0
27/06/2020,Tierra del Fuego,57743,0
28/06/2020,Tierra del Fuego,59933,0
29/06/2020,Tierra del Fuego,62268,0
30/06/2020,Tierra del Fuego,64530,0
1/07/2020,Tierra del Fuego,67190,0
2/07/2020,Tierra del Fuego,69941,0
3/07/2020,Tierra del Fuego,72784,0
4/07/2020,Tierra del Fuego,75375,4
5/07/2020,Tierra del Fuego,77812,0
6/07/2020,Tierra del Fuego,80447,0
7/07/2020,Tierra del Fuego,83426,0
8/07/2020,Tierra del Fuego,87029,0
9/07/2020,Tierra del Fuego,90692,1
10/07/2020,Tierra del Fuego,94058,0
