total_pop,fecha,provincia,tot_casosconf,nue_casosconf
13827203,5/03/2020,Buenos Aires,2,1
13827203,8/03/2020,Buenos Aires,10,8
13827203,10/03/2020,Buenos Aires,20,1
13827203,11/03/2020,Buenos Aires,22,1
13827203,13/03/2020,Buenos Aires,34,1
13827203,15/03/2020,Buenos Aires,60,1
13827203,16/03/2020,Buenos Aires,69,1
13827203,17/03/2020,Buenos Aires,70,1
13827203,18/03/2020,Buenos Aires,99,6
13827203,19/03/2020,Buenos Aires,115,14
13827203,20/03/2020,Buenos Aires,149,9
13827203,21/03/2020,Buenos Aires,203,14
13827203,22/03/2020,Buenos Aires,246,8
13827203,23/03/2020,Buenos Aires,282,5
13827203,24/03/2020,Buenos Aires,361,29
13827203,25/03/2020,Buenos Aires,417,30
13827203,26/03/2020,Buenos Aires,561,27
13827203,27/03/2020,Buenos Aires,653,36
13827203,28/03/2020,Buenos Aires,700,8
13827203,29/03/2020,Buenos Aires,762,16
13827203,30/03/2020,Buenos Aires,857,36
13827203,31/03/2020,Buenos Aires,984,17
13827203,1/04/2020,Buenos Aires,1065,10
13827203,2/04/2020,Buenos Aires,1170,36
13827203,3/04/2020,Buenos Aires,1288,22
13827203,4/04/2020,Buenos Aires,1380,26
13827203,5/04/2020,Buenos Aires,1485,33
13827203,6/04/2020,Buenos Aires,1567,12
13827203,7/04/2020,Buenos Aires,1662,34
13827203,8/04/2020,Buenos Aires,1733,17
13827203,9/04/2020,Buenos Aires,1824,28
13827203,10/04/2020,Buenos Aires,1913,19
13827203,11/04/2020,Buenos Aires,2012,37
13827203,12/04/2020,Buenos Aires,2170,28
13827203,13/04/2020,Buenos Aires,2238,29
13827203,14/04/2020,Buenos Aires,2344,66
13827203,15/04/2020,Buenos Aires,2505,62
13827203,16/04/2020,Buenos Aires,2601,30
13827203,17/04/2020,Buenos Aires,2704,34
13827203,18/04/2020,Buenos Aires,2790,31
13827203,19/04/2020,Buenos Aires,2888,48
13827203,20/04/2020,Buenos Aires,2983,42
13827203,21/04/2020,Buenos Aires,3092,61
13827203,22/04/2020,Buenos Aires,3205,61
13827203,23/04/2020,Buenos Aires,3371,84
13827203,24/04/2020,Buenos Aires,3495,61
13827203,25/04/2020,Buenos Aires,3701,94
13827203,26/04/2020,Buenos Aires,3837,56
13827203,27/04/2020,Buenos Aires,3942,50
13827203,28/04/2020,Buenos Aires,4051,48
13827203,29/04/2020,Buenos Aires,4230,103
13827203,30/04/2020,Buenos Aires,4351,66
13827203,1/05/2020,Buenos Aires,4461,34
13827203,2/05/2020,Buenos Aires,4634,45
13827203,3/05/2020,Buenos Aires,4766,38
13827203,4/05/2020,Buenos Aires,4820,38
13827203,5/05/2020,Buenos Aires,4944,58
13827203,6/05/2020,Buenos Aires,5083,63
13827203,7/05/2020,Buenos Aires,5258,50
13827203,8/05/2020,Buenos Aires,5448,77
13827203,9/05/2020,Buenos Aires,5671,60
13827203,10/05/2020,Buenos Aires,5827,51
13827203,11/05/2020,Buenos Aires,6078,44
13827203,12/05/2020,Buenos Aires,6358,80
13827203,13/05/2020,Buenos Aires,6659,96
13827203,14/05/2020,Buenos Aires,6957,79
13827203,15/05/2020,Buenos Aires,7219,86
13827203,16/05/2020,Buenos Aires,7575,97
13827203,17/05/2020,Buenos Aires,7879,74
13827203,18/05/2020,Buenos Aires,8161,93
13827203,19/05/2020,Buenos Aires,8528,157
13827203,20/05/2020,Buenos Aires,8987,178
13827203,21/05/2020,Buenos Aires,9498,213
13827203,22/05/2020,Buenos Aires,10196,266
13827203,23/05/2020,Buenos Aires,10937,289
13827203,24/05/2020,Buenos Aires,11548,196
13827203,25/05/2020,Buenos Aires,12234,159
13827203,26/05/2020,Buenos Aires,12863,236
13827203,27/05/2020,Buenos Aires,13541,315
13827203,28/05/2020,Buenos Aires,14231,299
13827203,29/05/2020,Buenos Aires,14974,273
13827203,30/05/2020,Buenos Aires,15715,296
13827203,31/05/2020,Buenos Aires,16468,254
13827203,1/06/2020,Buenos Aires,17103,252
13827203,2/06/2020,Buenos Aires,17903,488
13827203,3/06/2020,Buenos Aires,18761,442
13827203,4/06/2020,Buenos Aires,19690,422
13827203,5/06/2020,Buenos Aires,20568,371
13827203,6/06/2020,Buenos Aires,21495,458
13827203,7/06/2020,Buenos Aires,22395,375
13827203,8/06/2020,Buenos Aires,23139,345
13827203,9/06/2020,Buenos Aires,24166,545
13827203,10/06/2020,Buenos Aires,25385,622
13827203,11/06/2020,Buenos Aires,26744,756
13827203,12/06/2020,Buenos Aires,28118,744
13827203,13/06/2020,Buenos Aires,29614,849
13827203,14/06/2020,Buenos Aires,30931,636
13827203,15/06/2020,Buenos Aires,32129,552
13827203,16/06/2020,Buenos Aires,33582,797
13827203,17/06/2020,Buenos Aires,34958,799
13827203,18/06/2020,Buenos Aires,36659,1107
13827203,19/06/2020,Buenos Aires,38628,1118
13827203,20/06/2020,Buenos Aires,40584,1014
13827203,21/06/2020,Buenos Aires,41950,746
13827203,22/06/2020,Buenos Aires,43822,1037
13827203,23/06/2020,Buenos Aires,46265,1334
13827203,24/06/2020,Buenos Aires,48679,1463
13827203,25/06/2020,Buenos Aires,51333,1482
13827203,26/06/2020,Buenos Aires,54149,1692
13827203,27/06/2020,Buenos Aires,56767,1424
13827203,28/06/2020,Buenos Aires,58969,1225
13827203,29/06/2020,Buenos Aires,61212,1279
13827203,30/06/2020,Buenos Aires,63642,1374
13827203,1/07/2020,Buenos Aires,66202,1672
13827203,2/07/2020,Buenos Aires,68930,1733
13827203,3/07/2020,Buenos Aires,71790,1849
13827203,4/07/2020,Buenos Aires,74302,1516
13827203,5/07/2020,Buenos Aires,76940,1564
13827203,6/07/2020,Buenos Aires,79291,1476
13827203,7/07/2020,Buenos Aires,82199,1752
13827203,8/07/2020,Buenos Aires,85648,2222
13827203,9/07/2020,Buenos Aires,89402,2372
13827203,10/07/2020,Buenos Aires,92811,2118
2776138,2/03/2020,CABA,1,1
2776138,9/03/2020,CABA,11,1
2776138,10/03/2020,CABA,21,1
2776138,11/03/2020,CABA,23,1
2776138,12/03/2020,CABA,33,10
2776138,13/03/2020,CABA,36,2
2776138,14/03/2020,CABA,47,11
2776138,15/03/2020,CABA,54,6
2776138,16/03/2020,CABA,65,5
2776138,17/03/2020,CABA,74,4
2776138,18/03/2020,CABA,92,10
2776138,19/03/2020,CABA,123,8
2776138,20/03/2020,CABA,140,9
2776138,21/03/2020,CABA,189,29
2776138,22/03/2020,CABA,238,11
2776138,23/03/2020,CABA,277,11
2776138,24/03/2020,CABA,332,29
2776138,25/03/2020,CABA,438,21
2776138,26/03/2020,CABA,534,30
2776138,27/03/2020,CABA,617,27
2776138,28/03/2020,CABA,718,18
2776138,29/03/2020,CABA,775,13
2776138,30/03/2020,CABA,891,34
2776138,31/03/2020,CABA,1003,19
2776138,1/04/2020,CABA,1075,10
2776138,2/04/2020,CABA,1194,24
2776138,3/04/2020,CABA,1316,28
2776138,4/04/2020,CABA,1414,34
2776138,5/04/2020,CABA,1517,32
2776138,6/04/2020,CABA,1584,17
2776138,7/04/2020,CABA,1686,24
2776138,8/04/2020,CABA,1751,18
2776138,9/04/2020,CABA,1847,23
2776138,10/04/2020,CABA,1924,11
2776138,11/04/2020,CABA,2058,46
2776138,12/04/2020,CABA,2178,8
2776138,13/04/2020,CABA,2248,10
2776138,14/04/2020,CABA,2366,22
2776138,15/04/2020,CABA,2535,30
2776138,16/04/2020,CABA,2616,15
2776138,17/04/2020,CABA,2718,14
2776138,18/04/2020,CABA,2804,14
2776138,19/04/2020,CABA,2903,15
2776138,20/04/2020,CABA,3005,22
2776138,21/04/2020,CABA,3125,33
2776138,22/04/2020,CABA,3244,39
2776138,23/04/2020,CABA,3408,37
2776138,24/04/2020,CABA,3574,79
2776138,25/04/2020,CABA,3756,55
2776138,26/04/2020,CABA,3873,36
2776138,27/04/2020,CABA,3974,32
2776138,28/04/2020,CABA,4101,50
2776138,29/04/2020,CABA,4264,34
2776138,30/04/2020,CABA,4396,45
2776138,1/05/2020,CABA,4490,29
2776138,2/05/2020,CABA,4589,58
2776138,3/05/2020,CABA,4728,49
2776138,4/05/2020,CABA,4863,43
2776138,5/05/2020,CABA,5001,57
2776138,6/05/2020,CABA,5185,102
2776138,7/05/2020,CABA,5335,77
2776138,8/05/2020,CABA,5578,130
2776138,9/05/2020,CABA,5754,83
2776138,10/05/2020,CABA,5992,165
2776138,11/05/2020,CABA,6215,137
2776138,12/05/2020,CABA,6546,188
2776138,13/05/2020,CABA,6838,179
2776138,14/05/2020,CABA,7110,153
2776138,15/05/2020,CABA,7434,215
2776138,16/05/2020,CABA,7768,193
2776138,17/05/2020,CABA,8026,147
2776138,18/05/2020,CABA,8330,169
2776138,19/05/2020,CABA,8752,224
2776138,20/05/2020,CABA,9244,257
2776138,21/05/2020,CABA,9877,379
2776138,22/05/2020,CABA,10600,404
2776138,23/05/2020,CABA,11337,400
2776138,24/05/2020,CABA,12042,494
2776138,25/05/2020,CABA,12609,375
2776138,26/05/2020,CABA,13190,327
2776138,27/05/2020,CABA,13902,361
2776138,28/05/2020,CABA,14656,425
2776138,29/05/2020,CABA,15375,401
2776138,30/05/2020,CABA,16174,459
2776138,31/05/2020,CABA,16826,358
2776138,1/06/2020,CABA,17377,274
2776138,2/06/2020,CABA,18274,371
2776138,3/06/2020,CABA,19228,467
2776138,4/06/2020,CABA,20127,437
2776138,5/06/2020,CABA,20988,420
2776138,6/06/2020,CABA,21972,477
2776138,7/06/2020,CABA,22754,359
2776138,8/06/2020,CABA,23559,420
2776138,9/06/2020,CABA,24701,535
2776138,10/06/2020,CABA,25907,522
2776138,11/06/2020,CABA,27282,538
2776138,12/06/2020,CABA,28683,565
2776138,13/06/2020,CABA,30172,558
2776138,14/06/2020,CABA,31489,558
2776138,15/06/2020,CABA,32704,575
2776138,16/06/2020,CABA,34070,488
2776138,17/06/2020,CABA,35480,522
2776138,18/06/2020,CABA,37351,692
2776138,19/06/2020,CABA,39432,804
2776138,20/06/2020,CABA,41096,512
2776138,21/06/2020,CABA,42657,707
2776138,22/06/2020,CABA,44847,1025
2776138,23/06/2020,CABA,47024,759
2776138,24/06/2020,CABA,49691,1012
2776138,25/06/2020,CABA,52275,942
2776138,26/06/2020,CABA,55117,968
2776138,27/06/2020,CABA,57616,849
2776138,28/06/2020,CABA,59821,852
2776138,29/06/2020,CABA,62156,944
2776138,30/06/2020,CABA,64386,744
2776138,1/07/2020,CABA,67043,841
2776138,2/07/2020,CABA,69770,840
2776138,3/07/2020,CABA,72625,835
2776138,4/07/2020,CABA,75202,900
2776138,5/07/2020,CABA,77707,767
2776138,6/07/2020,CABA,80286,995
2776138,7/07/2020,CABA,83224,1025
2776138,8/07/2020,CABA,86764,1116
2776138,9/07/2020,CABA,90460,1058
2776138,10/07/2020,CABA,93860,1049
1522304,17/03/2020,Salta,79,1
1522304,1/04/2020,Salta,1111,2
1522304,15/04/2020,Salta,2566,0
1522304,26/04/2020,Salta,3890,1
1522304,12/05/2020,Salta,6563,1
1522304,13/05/2020,Salta,6878,0
1522304,14/05/2020,Salta,7133,0
1522304,15/05/2020,Salta,7478,0
1522304,16/05/2020,Salta,7804,0
1522304,17/05/2020,Salta,8068,0
1522304,18/05/2020,Salta,8367,0
1522304,19/05/2020,Salta,8803,0
1522304,20/05/2020,Salta,9283,0
1522304,21/05/2020,Salta,9926,0
1522304,22/05/2020,Salta,10644,2
1522304,23/05/2020,Salta,11349,0
1522304,24/05/2020,Salta,12074,0
1522304,25/05/2020,Salta,12626,0
1522304,26/05/2020,Salta,13225,0
1522304,27/05/2020,Salta,13931,0
1522304,28/05/2020,Salta,14701,0
1522304,29/05/2020,Salta,15419,0
1522304,30/05/2020,Salta,16211,1
1522304,31/05/2020,Salta,16850,0
1522304,1/06/2020,Salta,17411,3
1522304,2/06/2020,Salta,18319,4
1522304,3/06/2020,Salta,19265,0
1522304,4/06/2020,Salta,20192,0
1522304,5/06/2020,Salta,21036,0
1522304,6/06/2020,Salta,22018,0
1522304,7/06/2020,Salta,22794,1
1522304,8/06/2020,Salta,23620,0
1522304,9/06/2020,Salta,24760,0
1522304,10/06/2020,Salta,25984,1
1522304,11/06/2020,Salta,27372,0
1522304,12/06/2020,Salta,28764,0
1522304,13/06/2020,Salta,30293,2
1522304,14/06/2020,Salta,31571,1
1522304,15/06/2020,Salta,32785,0
1522304,16/06/2020,Salta,34156,0
1522304,17/06/2020,Salta,35549,1
1522304,18/06/2020,Salta,37498,0
1522304,19/06/2020,Salta,39559,0
1522304,20/06/2020,Salta,41198,0
1522304,21/06/2020,Salta,42768,0
1522304,22/06/2020,Salta,44925,1
1522304,23/06/2020,Salta,47187,0
1522304,24/06/2020,Salta,49837,3
1522304,25/06/2020,Salta,52435,0
1522304,26/06/2020,Salta,55330,0
1522304,27/06/2020,Salta,57738,2
1522304,28/06/2020,Salta,59926,0
1522304,29/06/2020,Salta,62264,3
1522304,30/06/2020,Salta,64529,1
1522304,1/07/2020,Salta,67188,2
1522304,2/07/2020,Salta,69939,0
1522304,3/07/2020,Salta,72779,8
1522304,4/07/2020,Salta,75365,16
1522304,5/07/2020,Salta,77809,2
1522304,6/07/2020,Salta,80436,2
1522304,7/07/2020,Salta,83416,8
1522304,8/07/2020,Salta,87007,6
1522304,9/07/2020,Salta,90673,9
1522304,10/07/2020,Salta,94048,2
3001455,17/03/2020,Córdoba,76,2
3001455,18/03/2020,Córdoba,100,1
3001455,19/03/2020,Córdoba,125,2
3001455,20/03/2020,Córdoba,153,4
3001455,21/03/2020,Córdoba,217,4
3001455,22/03/2020,Córdoba,254,8
3001455,23/03/2020,Córdoba,299,3
3001455,24/03/2020,Córdoba,377,7
3001455,25/03/2020,Córdoba,453,15
3001455,26/03/2020,Córdoba,579,3
3001455,27/03/2020,Córdoba,661,5
3001455,28/03/2020,Córdoba,737,1
3001455,29/03/2020,Córdoba,810,18
3001455,30/03/2020,Córdoba,932,8
3001455,31/03/2020,Córdoba,1020,14
3001455,1/04/2020,Córdoba,1093,6
3001455,2/04/2020,Córdoba,1213,16
3001455,3/04/2020,Córdoba,1338,14
3001455,4/04/2020,Córdoba,1425,3
3001455,5/04/2020,Córdoba,1522,5
3001455,6/04/2020,Córdoba,1595,7
3001455,7/04/2020,Córdoba,1694,4
3001455,8/04/2020,Córdoba,1767,1
3001455,9/04/2020,Córdoba,1885,5
3001455,10/04/2020,Córdoba,1942,13
3001455,11/04/2020,Córdoba,2090,32
3001455,12/04/2020,Córdoba,2184,5
3001455,13/04/2020,Córdoba,2255,4
3001455,14/04/2020,Córdoba,2409,12
3001455,15/04/2020,Córdoba,2549,6
3001455,16/04/2020,Córdoba,2641,13
3001455,17/04/2020,Córdoba,2746,6
3001455,18/04/2020,Córdoba,2830,2
3001455,19/04/2020,Córdoba,2919,11
3001455,20/04/2020,Córdoba,3031,0
3001455,22/04/2020,Córdoba,3255,4
3001455,23/04/2020,Córdoba,3420,2
3001455,24/04/2020,Córdoba,3584,3
3001455,25/04/2020,Córdoba,3764,1
3001455,26/04/2020,Córdoba,3879,3
3001455,27/04/2020,Córdoba,4003,0
3001455,28/04/2020,Córdoba,4103,2
3001455,29/04/2020,Córdoba,4269,1
3001455,30/04/2020,Córdoba,4401,2
3001455,1/05/2020,Córdoba,4516,13
3001455,2/05/2020,Córdoba,4646,12
3001455,3/05/2020,Córdoba,4767,1
3001455,4/05/2020,Córdoba,4874,6
3001455,5/05/2020,Córdoba,5013,1
3001455,6/05/2020,Córdoba,5198,5
3001455,7/05/2020,Córdoba,5365,4
3001455,8/05/2020,Córdoba,5606,2
3001455,9/05/2020,Córdoba,5769,6
3001455,10/05/2020,Córdoba,6029,5
3001455,11/05/2020,Córdoba,6246,14
3001455,12/05/2020,Córdoba,6559,3
3001455,13/05/2020,Córdoba,6867,11
3001455,14/05/2020,Córdoba,7124,5
3001455,15/05/2020,Córdoba,7462,3
3001455,16/05/2020,Córdoba,7798,9
3001455,17/05/2020,Córdoba,8065,20
3001455,18/05/2020,Córdoba,8363,20
3001455,19/05/2020,Córdoba,8795,9
3001455,20/05/2020,Córdoba,9281,2
3001455,21/05/2020,Córdoba,9923,12
3001455,22/05/2020,Córdoba,10636,9
3001455,23/05/2020,Córdoba,11344,0
3001455,24/05/2020,Córdoba,12068,6
3001455,25/05/2020,Córdoba,12621,3
3001455,26/05/2020,Córdoba,13214,0
3001455,27/05/2020,Córdoba,13918,0
3001455,28/05/2020,Córdoba,14686,-1
3001455,29/05/2020,Córdoba,15399,-2
3001455,30/05/2020,Córdoba,16200,0
3001455,31/05/2020,Córdoba,16841,2
3001455,1/06/2020,Córdoba,17380,0
3001455,2/06/2020,Córdoba,18305,1
3001455,3/06/2020,Córdoba,19236,1
3001455,4/06/2020,Córdoba,20182,2
3001455,5/06/2020,Córdoba,21022,2
3001455,6/06/2020,Córdoba,21991,-1
3001455,7/06/2020,Córdoba,22777,0
3001455,8/06/2020,Córdoba,23606,1
3001455,9/06/2020,Córdoba,24736,2
3001455,10/06/2020,Córdoba,25957,5
3001455,11/06/2020,Córdoba,27333,3
3001455,12/06/2020,Córdoba,28735,9
3001455,13/06/2020,Córdoba,30236,6
3001455,14/06/2020,Córdoba,31524,6
3001455,15/06/2020,Córdoba,32766,2
3001455,16/06/2020,Córdoba,34095,1
3001455,17/06/2020,Córdoba,35514,6
3001455,18/06/2020,Córdoba,37438,9
3001455,19/06/2020,Córdoba,39485,19
3001455,20/06/2020,Córdoba,41143,20
3001455,21/06/2020,Córdoba,42728,13
3001455,22/06/2020,Córdoba,44883,11
3001455,23/06/2020,Córdoba,47104,23
3001455,24/06/2020,Córdoba,49732,2
3001455,25/06/2020,Córdoba,52343,6
3001455,26/06/2020,Córdoba,55211,8
3001455,27/06/2020,Córdoba,57683,15
3001455,28/06/2020,Córdoba,59878,5
3001455,29/06/2020,Córdoba,62190,2
3001455,30/06/2020,Córdoba,64475,11
3001455,1/07/2020,Córdoba,67122,11
3001455,2/07/2020,Córdoba,69859,8
3001455,3/07/2020,Córdoba,72683,8
3001455,4/07/2020,Córdoba,75273,13
3001455,5/07/2020,Córdoba,77774,14
3001455,6/07/2020,Córdoba,80347,28
3001455,7/07/2020,Córdoba,83294,48
3001455,8/07/2020,Córdoba,86878,21
3001455,9/07/2020,Córdoba,90546,27
3001455,10/07/2020,Córdoba,93940,26
638645,9/03/2020,Río Negro,19,1
638645,17/03/2020,Río Negro,80,1
638645,19/03/2020,Río Negro,131,2
638645,21/03/2020,Río Negro,227,1
638645,27/03/2020,Río Negro,687,3
638645,31/03/2020,Río Negro,1025,1
638645,3/04/2020,Río Negro,1344,1
638645,4/04/2020,Río Negro,1436,5
638645,5/04/2020,Río Negro,1540,2
638645,6/04/2020,Río Negro,1607,2
638645,7/04/2020,Río Negro,1702,2
638645,8/04/2020,Río Negro,1792,1
638645,9/04/2020,Río Negro,1860,13
638645,10/04/2020,Río Negro,1966,7
638645,11/04/2020,Río Negro,2123,23
638645,12/04/2020,Río Negro,2202,13
638645,13/04/2020,Río Negro,2272,3
638645,14/04/2020,Río Negro,2433,13
638645,15/04/2020,Río Negro,2566,12
638645,16/04/2020,Río Negro,2660,9
638645,17/04/2020,Río Negro,2751,1
638645,18/04/2020,Río Negro,2837,3
638645,19/04/2020,Río Negro,2937,8
638645,20/04/2020,Río Negro,3027,10
638645,21/04/2020,Río Negro,3142,11
638645,22/04/2020,Río Negro,3279,17
638645,23/04/2020,Río Negro,3427,4
638645,24/04/2020,Río Negro,3602,11
638645,25/04/2020,Río Negro,3772,4
638645,26/04/2020,Río Negro,3886,1
638645,27/04/2020,Río Negro,3997,8
638645,28/04/2020,Río Negro,4119,13
638645,29/04/2020,Río Negro,4285,8
638645,30/04/2020,Río Negro,4422,14
638645,1/05/2020,Río Negro,4530,8
638645,2/05/2020,Río Negro,4675,6
638645,3/05/2020,Río Negro,4778,6
638645,4/05/2020,Río Negro,4883,7
638645,5/05/2020,Río Negro,5017,4
638645,6/05/2020,Río Negro,5208,6
638645,7/05/2020,Río Negro,5370,3
638645,8/05/2020,Río Negro,5611,2
638645,9/05/2020,Río Negro,5775,4
638645,10/05/2020,Río Negro,6031,2
638645,11/05/2020,Río Negro,6277,13
638645,12/05/2020,Río Negro,6562,1
638645,13/05/2020,Río Negro,6878,4
638645,14/05/2020,Río Negro,7133,4
638645,15/05/2020,Río Negro,7478,17
638645,16/05/2020,Río Negro,7804,6
638645,17/05/2020,Río Negro,8068,2
638645,18/05/2020,Río Negro,8366,2
638645,19/05/2020,Río Negro,8803,6
638645,20/05/2020,Río Negro,9283,2
638645,21/05/2020,Río Negro,9926,3
638645,22/05/2020,Río Negro,10642,6
638645,23/05/2020,Río Negro,11349,5
638645,24/05/2020,Río Negro,12074,5
638645,25/05/2020,Río Negro,12626,4
638645,26/05/2020,Río Negro,13225,4
638645,27/05/2020,Río Negro,13930,8
638645,28/05/2020,Río Negro,14701,7
638645,29/05/2020,Río Negro,15419,12
638645,30/05/2020,Río Negro,16210,5
638645,31/05/2020,Río Negro,16850,4
638645,1/06/2020,Río Negro,17408,11
638645,2/06/2020,Río Negro,18315,3
638645,3/06/2020,Río Negro,19265,16
638645,4/06/2020,Río Negro,20192,8
638645,5/06/2020,Río Negro,21036,8
638645,6/06/2020,Río Negro,22018,15
638645,7/06/2020,Río Negro,22793,10
638645,8/06/2020,Río Negro,23620,11
638645,9/06/2020,Río Negro,24760,13
638645,10/06/2020,Río Negro,25983,12
638645,11/06/2020,Río Negro,27372,14
638645,12/06/2020,Río Negro,28764,16
638645,13/06/2020,Río Negro,30291,13
638645,14/06/2020,Río Negro,31570,6
638645,15/06/2020,Río Negro,32785,12
638645,16/06/2020,Río Negro,34156,17
638645,17/06/2020,Río Negro,35548,14
638645,18/06/2020,Río Negro,37498,27
638645,19/06/2020,Río Negro,39559,34
638645,20/06/2020,Río Negro,41198,19
638645,21/06/2020,Río Negro,42768,16
638645,22/06/2020,Río Negro,44923,8
638645,23/06/2020,Río Negro,47187,19
638645,24/06/2020,Río Negro,49834,24
638645,25/06/2020,Río Negro,52435,50
638645,26/06/2020,Río Negro,55330,13
638645,27/06/2020,Río Negro,57736,14
638645,28/06/2020,Río Negro,59926,6
638645,29/06/2020,Río Negro,62261,24
638645,30/06/2020,Río Negro,64528,15
638645,1/07/2020,Río Negro,67186,13
638645,2/07/2020,Río Negro,69939,34
638645,3/07/2020,Río Negro,72771,23
638645,4/07/2020,Río Negro,75349,28
638645,5/07/2020,Río Negro,77807,3
638645,6/07/2020,Río Negro,80434,7
638645,7/07/2020,Río Negro,83408,25
638645,8/07/2020,Río Negro,87001,11
638645,9/07/2020,Río Negro,90664,23
638645,10/07/2020,Río Negro,94046,26
618994,15/04/2020,Chubut,2543,1
618994,16/04/2020,Chubut,2628,1
618994,19/04/2020,Chubut,2908,0
618994,1/05/2020,Chubut,4503,1
618994,2/05/2020,Chubut,4679,1
618994,3/05/2020,Chubut,4780,0
618994,26/05/2020,Chubut,13214,1
618994,27/05/2020,Chubut,13918,0
618994,28/05/2020,Chubut,14687,3
618994,29/05/2020,Chubut,15401,0
618994,30/05/2020,Chubut,16200,2
618994,31/05/2020,Chubut,16839,0
618994,1/06/2020,Chubut,17380,0
618994,2/06/2020,Chubut,18304,0
618994,3/06/2020,Chubut,19235,1
618994,4/06/2020,Chubut,20180,0
618994,5/06/2020,Chubut,21020,3
618994,6/06/2020,Chubut,21992,1
618994,7/06/2020,Chubut,22777,5
618994,8/06/2020,Chubut,23605,1
618994,9/06/2020,Chubut,24734,5
618994,10/06/2020,Chubut,25952,0
618994,11/06/2020,Chubut,27330,0
618994,12/06/2020,Chubut,28726,4
618994,13/06/2020,Chubut,30230,9
618994,14/06/2020,Chubut,31518,2
618994,15/06/2020,Chubut,32764,22
618994,16/06/2020,Chubut,34094,1
618994,17/06/2020,Chubut,35508,8
618994,18/06/2020,Chubut,37429,10
618994,19/06/2020,Chubut,39466,3
618994,20/06/2020,Chubut,41123,3
618994,21/06/2020,Chubut,42715,6
618994,22/06/2020,Chubut,44872,5
618994,23/06/2020,Chubut,47081,2
618994,24/06/2020,Chubut,49730,2
618994,25/06/2020,Chubut,52337,1
618994,26/06/2020,Chubut,55203,10
618994,27/06/2020,Chubut,57668,0
618994,28/06/2020,Chubut,59873,5
618994,29/06/2020,Chubut,62188,1
618994,30/06/2020,Chubut,64464,8
618994,1/07/2020,Chubut,67111,8
618994,2/07/2020,Chubut,69851,0
618994,3/07/2020,Chubut,72675,12
618994,4/07/2020,Chubut,75260,0
618994,5/07/2020,Chubut,77760,6
618994,6/07/2020,Chubut,80319,6
618994,7/07/2020,Chubut,83246,0
618994,8/07/2020,Chubut,86857,13
618994,9/07/2020,Chubut,90519,19
618994,10/07/2020,Chubut,93914,4
273964,17/03/2020,Santa Cruz,82,1
273964,24/03/2020,Santa Cruz,387,1
273964,25/03/2020,Santa Cruz,470,5
273964,26/03/2020,Santa Cruz,589,2
273964,1/04/2020,Santa Cruz,1122,10
273964,2/04/2020,Santa Cruz,1229,2
273964,4/04/2020,Santa Cruz,1437,1
273964,5/04/2020,Santa Cruz,1541,1
273964,7/04/2020,Santa Cruz,1710,8
273964,10/04/2020,Santa Cruz,1972,6
273964,11/04/2020,Santa Cruz,2127,3
273964,20/04/2020,Santa Cruz,3028,1
273964,24/04/2020,Santa Cruz,3603,1
273964,26/04/2020,Santa Cruz,3889,1
273964,27/04/2020,Santa Cruz,4002,5
273964,30/04/2020,Santa Cruz,4423,1
273964,31/05/2020,Santa Cruz,16851,1
273964,1/06/2020,Santa Cruz,17412,1
273964,2/06/2020,Santa Cruz,18319,0
273964,3/06/2020,Santa Cruz,19265,0
273964,4/06/2020,Santa Cruz,20192,0
273964,5/06/2020,Santa Cruz,21036,0
273964,6/06/2020,Santa Cruz,22018,0
273964,7/06/2020,Santa Cruz,22794,0
273964,8/06/2020,Santa Cruz,23620,0
273964,9/06/2020,Santa Cruz,24760,0
273964,23/06/2020,Santa Cruz,47187,0
273964,24/06/2020,Santa Cruz,49837,0
273964,25/06/2020,Santa Cruz,52435,0
273964,26/06/2020,Santa Cruz,55330,0
273964,27/06/2020,Santa Cruz,57738,0
273964,28/06/2020,Santa Cruz,59926,0
273964,29/06/2020,Santa Cruz,62264,0
273964,30/06/2020,Santa Cruz,64529,0
273964,1/07/2020,Santa Cruz,67188,0
273964,2/07/2020,Santa Cruz,69939,0
273964,3/07/2020,Santa Cruz,72779,0
273964,4/07/2020,Santa Cruz,75366,0
273964,5/07/2020,Santa Cruz,77809,0
273964,6/07/2020,Santa Cruz,80441,4
273964,7/07/2020,Santa Cruz,83416,0
273964,8/07/2020,Santa Cruz,87007,0
273964,9/07/2020,Santa Cruz,90675,2
273964,10/07/2020,Santa Cruz,94052,4
367828,3/07/2020,Catamarca,72626,1
367828,4/07/2020,Catamarca,75207,5
367828,5/07/2020,Catamarca,77707,0
367828,6/07/2020,Catamarca,80287,1
367828,7/07/2020,Catamarca,83224,0
367828,8/07/2020,Catamarca,86785,21
367828,9/07/2020,Catamarca,90470,10
367828,10/07/2020,Catamarca,93860,0
3194537,14/03/2020,Santa Fe,48,1
3194537,19/03/2020,Santa Fe,129,1
3194537,21/03/2020,Santa Fe,224,2
3194537,21/03/2020,Santa Fe,225,1
3194537,23/03/2020,Santa Fe,283,1
3194537,23/03/2020,Santa Fe,284,1
3194537,23/03/2020,Santa Fe,293,9
3194537,23/03/2020,Santa Fe,296,3
3194537,24/03/2020,Santa Fe,382,1
3194537,24/03/2020,Santa Fe,383,1
3194537,24/03/2020,Santa Fe,384,1
3194537,25/03/2020,Santa Fe,504,22
3194537,26/03/2020,Santa Fe,573,12
3194537,27/03/2020,Santa Fe,673,6
3194537,27/03/2020,Santa Fe,674,1
3194537,27/03/2020,Santa Fe,675,1
3194537,27/03/2020,Santa Fe,676,1
3194537,28/03/2020,Santa Fe,722,4
3194537,28/03/2020,Santa Fe,726,4
3194537,28/03/2020,Santa Fe,729,3
3194537,28/03/2020,Santa Fe,730,1
3194537,28/03/2020,Santa Fe,731,1
3194537,29/03/2020,Santa Fe,786,7
3194537,29/03/2020,Santa Fe,789,3
3194537,29/03/2020,Santa Fe,791,2
3194537,29/03/2020,Santa Fe,792,1
3194537,30/03/2020,Santa Fe,917,14
3194537,30/03/2020,Santa Fe,919,2
3194537,30/03/2020,Santa Fe,921,2
3194537,30/03/2020,Santa Fe,922,1
3194537,30/03/2020,Santa Fe,923,1
3194537,30/03/2020,Santa Fe,924,1
3194537,31/03/2020,Santa Fe,1032,7
3194537,31/03/2020,Santa Fe,1036,4
3194537,31/03/2020,Santa Fe,1039,3
3194537,31/03/2020,Santa Fe,1041,2
3194537,31/03/2020,Santa Fe,1043,2
3194537,31/03/2020,Santa Fe,1044,1
3194537,31/03/2020,Santa Fe,1045,1
3194537,31/03/2020,Santa Fe,1046,1
3194537,31/03/2020,Santa Fe,1047,1
3194537,1/04/2020,Santa Fe,1127,5
3194537,1/04/2020,Santa Fe,1128,1
3194537,1/04/2020,Santa Fe,1129,1
3194537,1/04/2020,Santa Fe,1130,1
3194537,1/04/2020,Santa Fe,1131,1
3194537,1/04/2020,Santa Fe,1132,1
3194537,1/04/2020,Santa Fe,1133,1
3194537,2/04/2020,Santa Fe,1233,4
3194537,2/04/2020,Santa Fe,1235,2
3194537,2/04/2020,Santa Fe,1236,1
3194537,2/04/2020,Santa Fe,1237,1
3194537,3/04/2020,Santa Fe,1352,7
3194537,3/04/2020,Santa Fe,1353,1
3194537,4/04/2020,Santa Fe,1440,3
3194537,4/04/2020,Santa Fe,1441,1
3194537,4/04/2020,Santa Fe,1442,1
3194537,5/04/2020,Santa Fe,1546,5
3194537,5/04/2020,Santa Fe,1549,3
3194537,5/04/2020,Santa Fe,1550,1
3194537,5/04/2020,Santa Fe,1551,1
3194537,5/04/2020,Santa Fe,1552,1
3194537,6/04/2020,Santa Fe,1611,3
3194537,6/04/2020,Santa Fe,1614,3
3194537,6/04/2020,Santa Fe,1616,2
3194537,7/04/2020,Santa Fe,1711,1
3194537,7/04/2020,Santa Fe,1712,1
3194537,7/04/2020,Santa Fe,1713,1
3194537,8/04/2020,Santa Fe,1793,1
3194537,8/04/2020,Santa Fe,1794,1
3194537,9/04/2020,Santa Fe,1862,2
3194537,9/04/2020,Santa Fe,1864,2
3194537,9/04/2020,Santa Fe,1865,1
3194537,9/04/2020,Santa Fe,1866,1
3194537,9/04/2020,Santa Fe,1867,1
3194537,10/04/2020,Santa Fe,1973,1
3194537,11/04/2020,Santa Fe,2130,3
3194537,12/04/2020,Santa Fe,2205,3
3194537,13/04/2020,Santa Fe,2273,1
3194537,13/04/2020,Santa Fe,2274,1
3194537,14/04/2020,Santa Fe,2434,1
3194537,14/04/2020,Santa Fe,2435,1
3194537,15/04/2020,Santa Fe,2567,1
3194537,15/04/2020,Santa Fe,2568,1
3194537,16/04/2020,Santa Fe,2663,3
3194537,17/04/2020,Santa Fe,2757,6
3194537,18/04/2020,Santa Fe,2838,1
3194537,18/04/2020,Santa Fe,2839,1
3194537,18/04/2020,Santa Fe,2840,1
3194537,19/04/2020,Santa Fe,2937,0
3194537,20/04/2020,Santa Fe,3030,2
3194537,21/04/2020,Santa Fe,3143,1
3194537,22/04/2020,Santa Fe,3282,3
3194537,22/04/2020,Santa Fe,3283,1
3194537,22/04/2020,Santa Fe,3284,1
3194537,23/04/2020,Santa Fe,3429,2
3194537,23/04/2020,Santa Fe,3430,1
3194537,23/04/2020,Santa Fe,3431,1
3194537,23/04/2020,Santa Fe,3432,1
3194537,23/04/2020,Santa Fe,3433,1
3194537,24/04/2020,Santa Fe,3604,1
3194537,24/04/2020,Santa Fe,3605,1
3194537,24/04/2020,Santa Fe,3606,1
3194537,25/04/2020,Santa Fe,3774,2
3194537,25/04/2020,Santa Fe,3775,1
3194537,28/04/2020,Santa Fe,4120,1
3194537,2/05/2020,Santa Fe,4531,0
3194537,3/05/2020,Santa Fe,4679,0
3194537,5/05/2020,Santa Fe,5018,1
3194537,7/05/2020,Santa Fe,5371,0
3194537,8/05/2020,Santa Fe,5611,0
3194537,9/05/2020,Santa Fe,5775,0
3194537,10/05/2020,Santa Fe,6031,0
3194537,11/05/2020,Santa Fe,6277,0
3194537,12/05/2020,Santa Fe,6563,0
3194537,13/05/2020,Santa Fe,6878,0
3194537,14/05/2020,Santa Fe,7133,0
3194537,15/05/2020,Santa Fe,7478,0
3194537,16/05/2020,Santa Fe,7805,1
3194537,17/05/2020,Santa Fe,8068,0
3194537,18/05/2020,Santa Fe,8371,4
3194537,19/05/2020,Santa Fe,8803,0
3194537,20/05/2020,Santa Fe,9285,2
3194537,21/05/2020,Santa Fe,9929,3
3194537,22/05/2020,Santa Fe,10648,4
3194537,23/05/2020,Santa Fe,11349,0
3194537,24/05/2020,Santa Fe,12075,1
3194537,24/05/2020,Santa Fe,12076,1
3194537,25/05/2020,Santa Fe,12625,-1
3194537,25/05/2020,Santa Fe,12625,0
3194537,26/05/2020,Santa Fe,13226,1
3194537,26/05/2020,Santa Fe,13226,0
3194537,27/05/2020,Santa Fe,13931,0
3194537,27/05/2020,Santa Fe,13931,0
3194537,28/05/2020,Santa Fe,14701,0
3194537,28/05/2020,Santa Fe,14701,0
3194537,29/05/2020,Santa Fe,15419,0
3194537,29/05/2020,Santa Fe,15419,0
3194537,30/05/2020,Santa Fe,16212,1
3194537,30/05/2020,Santa Fe,16213,1
3194537,31/05/2020,Santa Fe,16851,0
3194537,1/06/2020,Santa Fe,17415,3
3194537,2/06/2020,Santa Fe,18319,0
3194537,3/06/2020,Santa Fe,19268,3
3194537,4/06/2020,Santa Fe,20196,4
3194537,4/06/2020,Santa Fe,20197,1
3194537,5/06/2020,Santa Fe,21037,1
3194537,6/06/2020,Santa Fe,22020,2
3194537,7/06/2020,Santa Fe,22794,0
3194537,8/06/2020,Santa Fe,23621,1
3194537,9/06/2020,Santa Fe,24762,2
3194537,9/06/2020,Santa Fe,24763,1
3194537,10/06/2020,Santa Fe,25986,1
3194537,10/06/2020,Santa Fe,25987,1
3194537,10/06/2020,Santa Fe,25988,1
3194537,11/06/2020,Santa Fe,27372,0
3194537,11/06/2020,Santa Fe,27373,1
3194537,11/06/2020,Santa Fe,27374,1
3194537,12/06/2020,Santa Fe,28764,0
3194537,12/06/2020,Santa Fe,28764,0
3194537,12/06/2020,Santa Fe,28764,0
3194537,13/06/2020,Santa Fe,30294,0
3194537,13/06/2020,Santa Fe,30294,0
3194537,13/06/2020,Santa Fe,30294,0
3194537,14/06/2020,Santa Fe,31571,0
3194537,14/06/2020,Santa Fe,31571,0
3194537,14/06/2020,Santa Fe,31571,0
3194537,15/06/2020,Santa Fe,32785,0
3194537,15/06/2020,Santa Fe,32785,0
3194537,15/06/2020,Santa Fe,32785,0
3194537,16/06/2020,Santa Fe,34156,0
3194537,16/06/2020,Santa Fe,34158,2
3194537,16/06/2020,Santa Fe,34159,1
3194537,17/06/2020,Santa Fe,35551,2
3194537,17/06/2020,Santa Fe,35551,0
3194537,17/06/2020,Santa Fe,35551,0
3194537,18/06/2020,Santa Fe,37509,11
3194537,18/06/2020,Santa Fe,37509,0
3194537,18/06/2020,Santa Fe,37509,0
3194537,19/06/2020,Santa Fe,39570,11
3194537,19/06/2020,Santa Fe,39570,0
3194537,19/06/2020,Santa Fe,39570,0
3194537,20/06/2020,Santa Fe,41204,6
3194537,20/06/2020,Santa Fe,41204,0
3194537,20/06/2020,Santa Fe,41204,0
3194537,21/06/2020,Santa Fe,42785,17
3194537,21/06/2020,Santa Fe,42785,0
3194537,21/06/2020,Santa Fe,42785,0
3194537,22/06/2020,Santa Fe,44930,5
3194537,22/06/2020,Santa Fe,44930,0
3194537,22/06/2020,Santa Fe,44930,0
3194537,23/06/2020,Santa Fe,47216,29
3194537,23/06/2020,Santa Fe,47216,0
3194537,24/06/2020,Santa Fe,49841,4
3194537,24/06/2020,Santa Fe,49841,0
3194537,25/06/2020,Santa Fe,52456,21
3194537,25/06/2020,Santa Fe,52456,0
3194537,26/06/2020,Santa Fe,55342,12
3194537,26/06/2020,Santa Fe,55342,0
3194537,27/06/2020,Santa Fe,57743,5
3194537,27/06/2020,Santa Fe,57743,0
3194537,28/06/2020,Santa Fe,59932,6
3194537,29/06/2020,Santa Fe,62267,3
3194537,30/06/2020,Santa Fe,64530,1
3194537,1/07/2020,Santa Fe,67189,1
3194537,2/07/2020,Santa Fe,69941,2
3194537,3/07/2020,Santa Fe,72784,5
3194537,4/07/2020,Santa Fe,75371,5
3194537,5/07/2020,Santa Fe,77812,3
3194537,6/07/2020,Santa Fe,80446,5
3194537,7/07/2020,Santa Fe,83425,9
3194537,8/07/2020,Santa Fe,87021,14
3194537,9/07/2020,Santa Fe,90690,15
3194537,10/07/2020,Santa Fe,94058,6
874006,20/03/2020,Santiago del Estero,160,1
874006,27/03/2020,Santiago del Estero,691,1
874006,2/04/2020,Santiago del Estero,1238,1
874006,4/04/2020,Santiago del Estero,1443,1
874006,6/04/2020,Santiago del Estero,1621,5
874006,11/04/2020,Santiago del Estero,2133,3
874006,25/04/2020,Santiago del Estero,3776,1
874006,26/04/2020,Santiago del Estero,3888,2
874006,10/05/2020,Santiago del Estero,6032,1
874006,11/05/2020,Santiago del Estero,6277,0
874006,12/05/2020,Santiago del Estero,6563,0
874006,13/05/2020,Santiago del Estero,6878,0
874006,14/05/2020,Santiago del Estero,7133,0
874006,15/05/2020,Santiago del Estero,7478,0
874006,16/05/2020,Santiago del Estero,7805,0
874006,17/05/2020,Santiago del Estero,8068,0
874006,18/05/2020,Santiago del Estero,8371,0
874006,19/05/2020,Santiago del Estero,8809,6
874006,20/05/2020,Santiago del Estero,9285,0
874006,21/05/2020,Santiago del Estero,9929,0
874006,22/05/2020,Santiago del Estero,10648,0
874006,23/05/2020,Santiago del Estero,11349,0
874006,24/05/2020,Santiago del Estero,12076,0
874006,25/05/2020,Santiago del Estero,12625,0
874006,26/05/2020,Santiago del Estero,13226,0
874006,28/06/2020,Santiago del Estero,59933,1
874006,29/06/2020,Santiago del Estero,62268,1
874006,30/06/2020,Santiago del Estero,64530,0
874006,1/07/2020,Santiago del Estero,67190,1
874006,2/07/2020,Santiago del Estero,69941,0
874006,3/07/2020,Santiago del Estero,72784,0
874006,4/07/2020,Santiago del Estero,75371,0
874006,5/07/2020,Santiago del Estero,77812,0
874006,6/07/2020,Santiago del Estero,80447,1
874006,7/07/2020,Santiago del Estero,83426,1
874006,8/07/2020,Santiago del Estero,87029,8
874006,9/07/2020,Santiago del Estero,90691,1
874006,10/07/2020,Santiago del Estero,94058,0
318951,24/03/2020,La Pampa,385,1
318951,29/03/2020,La Pampa,818,2
318951,8/04/2020,La Pampa,1768,1
318951,10/04/2020,La Pampa,1943,1
318951,14/06/2020,La Pampa,31548,1
318951,15/06/2020,La Pampa,32769,0
318951,16/06/2020,La Pampa,34108,0
318951,17/06/2020,La Pampa,35522,0
318951,18/06/2020,La Pampa,37452,0
318951,19/06/2020,La Pampa,39495,0
318951,20/06/2020,La Pampa,41165,0
318951,21/06/2020,La Pampa,42738,0
318951,22/06/2020,La Pampa,44901,0
318951,23/06/2020,La Pampa,47130,0
318951,24/06/2020,La Pampa,49783,1
318951,25/06/2020,La Pampa,52361,0
318951,26/06/2020,La Pampa,55282,0
318951,27/06/2020,La Pampa,57699,0
318951,28/06/2020,La Pampa,59902,0
318951,29/06/2020,La Pampa,62213,0
318951,30/06/2020,La Pampa,64487,0
318951,1/07/2020,La Pampa,67153,0
318951,2/07/2020,La Pampa,69888,0
318951,3/07/2020,La Pampa,72714,0
318951,4/07/2020,La Pampa,75292,0
318951,5/07/2020,La Pampa,77782,0
318951,6/07/2020,La Pampa,80382,0
318951,7/07/2020,La Pampa,83335,0
318951,8/07/2020,La Pampa,86931,0
318951,9/07/2020,La Pampa,90619,0
318951,10/07/2020,La Pampa,93988,0
1738929,21/03/2020,Mendoza,213,5
1738929,25/03/2020,Mendoza,478,1
1738929,26/03/2020,Mendoza,590,1
1738929,27/03/2020,Mendoza,684,1
1738929,28/03/2020,Mendoza,744,1
1738929,29/03/2020,Mendoza,820,1
1738929,30/03/2020,Mendoza,959,3
1738929,31/03/2020,Mendoza,1023,2
1738929,1/04/2020,Mendoza,1105,10
1738929,2/04/2020,Mendoza,1266,0
1738929,3/04/2020,Mendoza,1342,2
1738929,5/04/2020,Mendoza,1527,2
1738929,6/04/2020,Mendoza,1599,1
1738929,7/04/2020,Mendoza,1697,2
1738929,8/04/2020,Mendoza,1774,6
1738929,9/04/2020,Mendoza,1893,2
1738929,10/04/2020,Mendoza,1952,9
1738929,11/04/2020,Mendoza,2099,5
1738929,12/04/2020,Mendoza,2188,3
1738929,13/04/2020,Mendoza,2267,2
1738929,14/04/2020,Mendoza,2418,3
1738929,15/04/2020,Mendoza,2553,1
1738929,16/04/2020,Mendoza,2650,5
1738929,17/04/2020,Mendoza,2748,1
1738929,19/04/2020,Mendoza,2926,3
1738929,20/04/2020,Mendoza,3014,1
1738929,22/04/2020,Mendoza,3261,1
1738929,23/04/2020,Mendoza,3422,1
1738929,28/04/2020,Mendoza,4106,1
1738929,29/04/2020,Mendoza,4272,2
1738929,30/04/2020,Mendoza,4407,5
1738929,1/05/2020,Mendoza,4522,1
1738929,2/05/2020,Mendoza,4679,0
1738929,3/05/2020,Mendoza,4780,0
1738929,5/05/2020,Mendoza,5019,1
1738929,8/05/2020,Mendoza,5609,1
1738929,9/05/2020,Mendoza,5771,0
1738929,10/05/2020,Mendoza,6029,0
1738929,12/05/2020,Mendoza,6561,1
1738929,13/05/2020,Mendoza,6873,0
1738929,14/05/2020,Mendoza,7128,0
1738929,15/05/2020,Mendoza,7461,0
1738929,16/05/2020,Mendoza,7798,0
1738929,17/05/2020,Mendoza,8066,0
1738929,18/05/2020,Mendoza,8364,0
1738929,19/05/2020,Mendoza,8797,2
1738929,20/05/2020,Mendoza,9281,0
1738929,21/05/2020,Mendoza,9923,0
1738929,22/05/2020,Mendoza,10636,0
1738929,23/05/2020,Mendoza,11344,0
1738929,24/05/2020,Mendoza,12068,0
1738929,25/05/2020,Mendoza,12621,0
1738929,26/05/2020,Mendoza,13214,0
1738929,27/05/2020,Mendoza,13920,0
1738929,28/05/2020,Mendoza,14689,0
1738929,29/05/2020,Mendoza,15405,0
1738929,30/05/2020,Mendoza,16204,3
1738929,31/05/2020,Mendoza,16842,0
1738929,1/06/2020,Mendoza,17394,8
1738929,2/06/2020,Mendoza,18309,0
1738929,3/06/2020,Mendoza,19238,0
1738929,4/06/2020,Mendoza,20182,0
1738929,5/06/2020,Mendoza,21027,1
1738929,6/06/2020,Mendoza,22000,-1
1738929,7/06/2020,Mendoza,22780,0
1738929,8/06/2020,Mendoza,23609,1
1738929,9/06/2020,Mendoza,24742,1
1738929,10/06/2020,Mendoza,25961,0
1738929,11/06/2020,Mendoza,27343,1
1738929,12/06/2020,Mendoza,28742,2
1738929,13/06/2020,Mendoza,30265,0
1738929,14/06/2020,Mendoza,31555,7
1738929,15/06/2020,Mendoza,32769,0
1738929,16/06/2020,Mendoza,34111,3
1738929,17/06/2020,Mendoza,35523,1
1738929,18/06/2020,Mendoza,37455,3
1738929,19/06/2020,Mendoza,39498,3
1738929,20/06/2020,Mendoza,41170,5
1738929,21/06/2020,Mendoza,42743,5
1738929,22/06/2020,Mendoza,44904,3
1738929,23/06/2020,Mendoza,47139,8
1738929,24/06/2020,Mendoza,49798,8
1738929,25/06/2020,Mendoza,52364,1
1738929,26/06/2020,Mendoza,55286,3
1738929,27/06/2020,Mendoza,57706,6
1738929,28/06/2020,Mendoza,59908,6
1738929,29/06/2020,Mendoza,62218,1
1738929,30/06/2020,Mendoza,64495,4
1738929,1/07/2020,Mendoza,67161,7
1738929,2/07/2020,Mendoza,69893,2
1738929,3/07/2020,Mendoza,72720,3
1738929,4/07/2020,Mendoza,75301,4
1738929,5/07/2020,Mendoza,77795,7
1738929,6/07/2020,Mendoza,80391,4
1738929,7/07/2020,Mendoza,83361,23
1738929,8/07/2020,Mendoza,86967,22
1738929,9/07/2020,Mendoza,90631,11
1738929,10/07/2020,Mendoza,94006,12
1055259,9/03/2020,Chaco,18,5
1055259,15/03/2020,Chaco,58,4
1055259,16/03/2020,Chaco,68,3
1055259,17/03/2020,Chaco,77,1
1055259,18/03/2020,Chaco,93,1
1055259,19/03/2020,Chaco,127,2
1055259,20/03/2020,Chaco,154,1
1055259,21/03/2020,Chaco,208,5
1055259,22/03/2020,Chaco,261,7
1055259,23/03/2020,Chaco,303,4
1055259,24/03/2020,Chaco,370,9
1055259,25/03/2020,Chaco,465,12
1055259,26/03/2020,Chaco,576,3
1055259,27/03/2020,Chaco,656,3
1055259,28/03/2020,Chaco,736,5
1055259,29/03/2020,Chaco,779,4
1055259,30/03/2020,Chaco,903,12
1055259,31/03/2020,Chaco,1006,3
1055259,1/04/2020,Chaco,1087,12
1055259,2/04/2020,Chaco,1197,3
1055259,3/04/2020,Chaco,1324,8
1055259,4/04/2020,Chaco,1422,8
1055259,6/04/2020,Chaco,1588,4
1055259,7/04/2020,Chaco,1690,4
1055259,8/04/2020,Chaco,1766,15
1055259,9/04/2020,Chaco,1880,6
1055259,10/04/2020,Chaco,1929,5
1055259,12/04/2020,Chaco,2179,1
1055259,13/04/2020,Chaco,2251,3
1055259,14/04/2020,Chaco,2397,31
1055259,15/04/2020,Chaco,2542,7
1055259,16/04/2020,Chaco,2627,11
1055259,17/04/2020,Chaco,2740,22
1055259,18/04/2020,Chaco,2828,24
1055259,19/04/2020,Chaco,2908,5
1055259,20/04/2020,Chaco,3010,5
1055259,21/04/2020,Chaco,3130,5
1055259,22/04/2020,Chaco,3251,7
1055259,23/04/2020,Chaco,3418,10
1055259,24/04/2020,Chaco,3581,7
1055259,25/04/2020,Chaco,3763,7
1055259,26/04/2020,Chaco,3876,3
1055259,27/04/2020,Chaco,3984,10
1055259,29/04/2020,Chaco,4268,4
1055259,30/04/2020,Chaco,4399,3
1055259,1/05/2020,Chaco,4502,12
1055259,2/05/2020,Chaco,4669,11
1055259,3/05/2020,Chaco,4772,5
1055259,4/05/2020,Chaco,4868,5
1055259,5/05/2020,Chaco,5012,11
1055259,6/05/2020,Chaco,5193,8
1055259,7/05/2020,Chaco,5361,26
1055259,8/05/2020,Chaco,5604,26
1055259,9/05/2020,Chaco,5763,9
1055259,10/05/2020,Chaco,6024,32
1055259,11/05/2020,Chaco,6232,17
1055259,12/05/2020,Chaco,6556,10
1055259,13/05/2020,Chaco,6856,18
1055259,14/05/2020,Chaco,7119,9
1055259,15/05/2020,Chaco,7459,25
1055259,16/05/2020,Chaco,7789,21
1055259,17/05/2020,Chaco,8045,19
1055259,18/05/2020,Chaco,8343,13
1055259,19/05/2020,Chaco,8786,34
1055259,20/05/2020,Chaco,9279,35
1055259,21/05/2020,Chaco,9911,34
1055259,22/05/2020,Chaco,10627,27
1055259,23/05/2020,Chaco,11344,7
1055259,24/05/2020,Chaco,12062,20
1055259,25/05/2020,Chaco,12618,9
1055259,26/05/2020,Chaco,13213,23
1055259,27/05/2020,Chaco,13918,16
1055259,28/05/2020,Chaco,14684,28
1055259,29/05/2020,Chaco,15401,26
1055259,30/05/2020,Chaco,16198,24
1055259,31/05/2020,Chaco,16839,13
1055259,1/06/2020,Chaco,17380,3
1055259,2/06/2020,Chaco,18304,30
1055259,3/06/2020,Chaco,19234,6
1055259,4/06/2020,Chaco,20180,53
1055259,5/06/2020,Chaco,21017,29
1055259,6/06/2020,Chaco,21991,19
1055259,7/06/2020,Chaco,22772,18
1055259,8/06/2020,Chaco,23604,45
1055259,9/06/2020,Chaco,24729,28
1055259,10/06/2020,Chaco,25952,45
1055259,11/06/2020,Chaco,27330,48
1055259,12/06/2020,Chaco,28722,39
1055259,13/06/2020,Chaco,30221,49
1055259,14/06/2020,Chaco,31516,27
1055259,15/06/2020,Chaco,32742,38
1055259,16/06/2020,Chaco,34093,23
1055259,17/06/2020,Chaco,35500,20
1055259,18/06/2020,Chaco,37419,68
1055259,19/06/2020,Chaco,39463,31
1055259,20/06/2020,Chaco,41120,24
1055259,21/06/2020,Chaco,42709,52
1055259,22/06/2020,Chaco,44867,20
1055259,23/06/2020,Chaco,47079,55
1055259,24/06/2020,Chaco,49728,37
1055259,25/06/2020,Chaco,52336,61
1055259,26/06/2020,Chaco,55193,76
1055259,27/06/2020,Chaco,57668,52
1055259,28/06/2020,Chaco,59868,47
1055259,29/06/2020,Chaco,62187,31
1055259,30/06/2020,Chaco,64456,70
1055259,1/07/2020,Chaco,67103,60
1055259,2/07/2020,Chaco,69851,81
1055259,3/07/2020,Chaco,72663,37
1055259,4/07/2020,Chaco,75260,53
1055259,5/07/2020,Chaco,77754,47
1055259,6/07/2020,Chaco,80313,26
1055259,7/07/2020,Chaco,83246,22
1055259,8/07/2020,Chaco,86844,59
1055259,9/07/2020,Chaco,90500,30
1055259,10/07/2020,Chaco,93910,50
551266,20/03/2020,Neuquén,159,1
551266,24/03/2020,Neuquén,386,1
551266,25/03/2020,Neuquén,479,1
551266,26/03/2020,Neuquén,585,3
551266,27/03/2020,Neuquén,683,4
551266,28/03/2020,Neuquén,742,1
551266,28/03/2020,Neuquén,743,1
551266,30/03/2020,Neuquén,967,8
551266,1/04/2020,Neuquén,1109,4
551266,2/04/2020,Neuquén,1225,4
551266,3/04/2020,Neuquén,1343,1
551266,4/04/2020,Neuquén,1431,4
551266,5/04/2020,Neuquén,1538,11
551266,6/04/2020,Neuquén,1605,6
551266,7/04/2020,Neuquén,1700,3
551266,8/04/2020,Neuquén,1791,17
551266,9/04/2020,Neuquén,1874,7
551266,10/04/2020,Neuquén,1959,7
551266,11/04/2020,Neuquén,2100,1
551266,12/04/2020,Neuquén,2189,1
551266,13/04/2020,Neuquén,2269,2
551266,14/04/2020,Neuquén,2420,2
551266,15/04/2020,Neuquén,2554,1
551266,16/04/2020,Neuquén,2651,1
551266,17/04/2020,Neuquén,2750,1
551266,18/04/2020,Neuquén,2834,3
551266,19/04/2020,Neuquén,2929,3
551266,20/04/2020,Neuquén,3017,3
551266,22/04/2020,Neuquén,3262,1
551266,23/04/2020,Neuquén,3423,1
551266,26/04/2020,Neuquén,3891,1
551266,27/04/2020,Neuquén,3989,3
551266,28/04/2020,Neuquén,4127,0
551266,29/04/2020,Neuquén,4277,1
551266,30/04/2020,Neuquén,4408,1
551266,9/05/2020,Neuquén,5771,1
551266,10/05/2020,Neuquén,6029,0
551266,11/05/2020,Neuquén,6263,0
551266,12/05/2020,Neuquén,6561,0
551266,13/05/2020,Neuquén,6874,2
551266,14/05/2020,Neuquén,7129,1
551266,15/05/2020,Neuquén,7461,0
551266,16/05/2020,Neuquén,7798,0
551266,17/05/2020,Neuquén,8066,0
551266,18/05/2020,Neuquén,8364,0
551266,19/05/2020,Neuquén,8797,0
551266,20/05/2020,Neuquén,9281,0
551266,21/05/2020,Neuquén,9923,0
551266,22/05/2020,Neuquén,10636,0
551266,23/05/2020,Neuquén,11344,0
551266,24/05/2020,Neuquén,12069,1
551266,25/05/2020,Neuquén,12622,1
551266,26/05/2020,Neuquén,13221,7
551266,27/05/2020,Neuquén,13922,2
551266,28/05/2020,Neuquén,14694,3
551266,29/05/2020,Neuquén,15407,2
551266,30/05/2020,Neuquén,16205,1
551266,31/05/2020,Neuquén,16846,3
551266,1/06/2020,Neuquén,17397,3
551266,2/06/2020,Neuquén,18312,3
551266,3/06/2020,Neuquén,19249,10
551266,4/06/2020,Neuquén,20184,0
551266,5/06/2020,Neuquén,21028,1
551266,6/06/2020,Neuquén,22003,1
551266,7/06/2020,Neuquén,22783,0
551266,8/06/2020,Neuquén,23609,0
551266,9/06/2020,Neuquén,24747,5
551266,10/06/2020,Neuquén,25971,10
551266,11/06/2020,Neuquén,27358,14
551266,12/06/2020,Neuquén,28748,6
551266,13/06/2020,Neuquén,30278,13
551266,14/06/2020,Neuquén,31564,9
551266,15/06/2020,Neuquén,32773,3
551266,16/06/2020,Neuquén,34139,28
551266,17/06/2020,Neuquén,35534,11
551266,18/06/2020,Neuquén,37471,16
551266,19/06/2020,Neuquén,39525,27
551266,20/06/2020,Neuquén,41179,9
551266,21/06/2020,Neuquén,42752,9
551266,22/06/2020,Neuquén,44915,11
551266,23/06/2020,Neuquén,47168,29
551266,24/06/2020,Neuquén,49810,12
551266,25/06/2020,Neuquén,52385,20
551266,26/06/2020,Neuquén,55317,31
551266,27/06/2020,Neuquén,57722,16
551266,28/06/2020,Neuquén,59920,12
551266,29/06/2020,Neuquén,62237,18
551266,30/06/2020,Neuquén,64513,18
551266,1/07/2020,Neuquén,67173,12
551266,2/07/2020,Neuquén,69905,12
551266,3/07/2020,Neuquén,72748,28
551266,4/07/2020,Neuquén,75321,20
551266,5/07/2020,Neuquén,77804,9
551266,6/07/2020,Neuquén,80427,34
551266,7/07/2020,Neuquén,83383,22
551266,8/07/2020,Neuquén,86990,23
551266,9/07/2020,Neuquén,90641,10
551266,10/07/2020,Neuquén,94020,14
333642,29/03/2020,La Rioja,819,1
333642,31/03/2020,La Rioja,1055,0
333642,2/04/2020,La Rioja,1221,3
333642,4/04/2020,La Rioja,1427,2
333642,5/04/2020,La Rioja,1525,2
333642,6/04/2020,La Rioja,1598,1
333642,9/04/2020,La Rioja,1890,5
333642,11/04/2020,La Rioja,2094,4
333642,12/04/2020,La Rioja,2185,1
333642,13/04/2020,La Rioja,2265,3
333642,14/04/2020,La Rioja,2415,6
333642,15/04/2020,La Rioja,2552,3
333642,16/04/2020,La Rioja,2645,3
333642,17/04/2020,La Rioja,2747,1
333642,19/04/2020,La Rioja,2923,4
333642,20/04/2020,La Rioja,3031,0
333642,21/04/2020,La Rioja,3131,1
333642,22/04/2020,La Rioja,3260,5
333642,24/04/2020,La Rioja,3590,2
333642,25/04/2020,La Rioja,3768,3
333642,26/04/2020,La Rioja,3885,0
333642,28/04/2020,La Rioja,4105,1
333642,29/04/2020,La Rioja,4270,1
333642,1/05/2020,La Rioja,4521,3
333642,4/05/2020,La Rioja,4875,1
333642,6/05/2020,La Rioja,5202,1
333642,7/05/2020,La Rioja,5367,1
333642,8/05/2020,La Rioja,5608,1
333642,9/05/2020,La Rioja,5770,0
333642,10/05/2020,La Rioja,6029,0
333642,11/05/2020,La Rioja,6263,1
333642,12/05/2020,La Rioja,6560,0
333642,13/05/2020,La Rioja,6873,0
333642,14/05/2020,La Rioja,7128,0
333642,15/05/2020,La Rioja,7461,0
333642,16/05/2020,La Rioja,7798,0
333642,17/05/2020,La Rioja,8066,1
333642,18/05/2020,La Rioja,8364,2
333642,19/05/2020,La Rioja,8795,0
333642,20/05/2020,La Rioja,9281,0
333642,21/05/2020,La Rioja,9923,0
333642,22/05/2020,La Rioja,10636,0
333642,23/05/2020,La Rioja,11344,0
333642,24/05/2020,La Rioja,12068,0
333642,25/05/2020,La Rioja,12621,0
333642,26/05/2020,La Rioja,13214,0
333642,27/05/2020,La Rioja,13920,0
333642,28/05/2020,La Rioja,14689,0
333642,29/05/2020,La Rioja,15405,0
333642,30/05/2020,La Rioja,16201,0
333642,31/05/2020,La Rioja,16842,0
333642,1/06/2020,La Rioja,17386,0
333642,2/06/2020,La Rioja,18309,0
333642,3/06/2020,La Rioja,19238,0
333642,4/06/2020,La Rioja,20182,0
333642,5/06/2020,La Rioja,21026,0
333642,6/06/2020,La Rioja,22001,0
333642,7/06/2020,La Rioja,22780,1
333642,8/06/2020,La Rioja,23608,0
333642,9/06/2020,La Rioja,24741,0
333642,10/06/2020,La Rioja,25961,0
333642,11/06/2020,La Rioja,27342,0
333642,12/06/2020,La Rioja,28740,0
333642,13/06/2020,La Rioja,30265,0
333642,14/06/2020,La Rioja,31548,0
333642,15/06/2020,La Rioja,32769,0
333642,16/06/2020,La Rioja,34108,0
333642,17/06/2020,La Rioja,35522,0
333642,18/06/2020,La Rioja,37452,0
333642,19/06/2020,La Rioja,39495,0
333642,20/06/2020,La Rioja,41165,0
333642,21/06/2020,La Rioja,42738,0
333642,22/06/2020,La Rioja,44901,0
333642,23/06/2020,La Rioja,47131,1
333642,24/06/2020,La Rioja,49790,7
333642,25/06/2020,La Rioja,52363,2
333642,26/06/2020,La Rioja,55283,1
333642,27/06/2020,La Rioja,57700,1
333642,28/06/2020,La Rioja,59902,0
333642,29/06/2020,La Rioja,62217,4
333642,30/06/2020,La Rioja,64491,4
333642,1/07/2020,La Rioja,67154,1
333642,2/07/2020,La Rioja,69891,3
333642,3/07/2020,La Rioja,72717,3
333642,4/07/2020,La Rioja,75297,5
333642,5/07/2020,La Rioja,77788,6
333642,6/07/2020,La Rioja,80387,5
333642,7/07/2020,La Rioja,83338,3
333642,8/07/2020,La Rioja,86945,14
333642,9/07/2020,La Rioja,90620,1
333642,10/07/2020,La Rioja,93994,6
681055,29/03/2020,San Juan,815,1
681055,11/04/2020,San Juan,2124,1
681055,7/05/2020,San Juan,5371,1
681055,18/05/2020,San Juan,8367,1
681055,19/05/2020,San Juan,8803,0
681055,20/05/2020,San Juan,9283,0
681055,21/05/2020,San Juan,9926,0
681055,22/05/2020,San Juan,10642,0
681055,23/05/2020,San Juan,11349,0
681055,24/05/2020,San Juan,12074,0
681055,25/05/2020,San Juan,12626,0
681055,26/05/2020,San Juan,13225,0
681055,27/05/2020,San Juan,13931,1
681055,28/05/2020,San Juan,14701,0
681055,29/05/2020,San Juan,15419,0
681055,30/05/2020,San Juan,16210,0
681055,31/05/2020,San Juan,16850,0
681055,1/06/2020,San Juan,17408,0
681055,2/06/2020,San Juan,18315,0
681055,3/06/2020,San Juan,19265,0
681055,4/06/2020,San Juan,20192,0
681055,5/06/2020,San Juan,21036,0
681055,6/06/2020,San Juan,22018,0
681055,7/06/2020,San Juan,22793,0
681055,8/06/2020,San Juan,23620,0
681055,9/06/2020,San Juan,24760,0
681055,10/06/2020,San Juan,25983,0
681055,10/06/2020,San Juan,25985,1
681055,11/06/2020,San Juan,27372,0
681055,11/06/2020,San Juan,27372,0
681055,12/06/2020,San Juan,28764,0
681055,12/06/2020,San Juan,28764,0
681055,13/06/2020,San Juan,30291,0
681055,13/06/2020,San Juan,30294,1
681055,14/06/2020,San Juan,31570,0
681055,14/06/2020,San Juan,31571,0
681055,15/06/2020,San Juan,32785,0
681055,15/06/2020,San Juan,32785,0
681055,16/06/2020,San Juan,34156,0
681055,16/06/2020,San Juan,34156,0
681055,17/06/2020,San Juan,35548,0
681055,17/06/2020,San Juan,35549,0
681055,18/06/2020,San Juan,37498,0
681055,18/06/2020,San Juan,37498,0
681055,19/06/2020,San Juan,39559,0
681055,19/06/2020,San Juan,39559,0
681055,20/06/2020,San Juan,41198,0
681055,20/06/2020,San Juan,41198,0
681055,21/06/2020,San Juan,42768,0
681055,21/06/2020,San Juan,42768,0
681055,22/06/2020,San Juan,44924,1
681055,22/06/2020,San Juan,44925,0
681055,23/06/2020,San Juan,47187,0
681055,23/06/2020,San Juan,47187,0
681055,24/06/2020,San Juan,49834,0
681055,24/06/2020,San Juan,49837,0
681055,25/06/2020,San Juan,52435,0
681055,25/06/2020,San Juan,52435,0
681055,26/06/2020,San Juan,55330,0
681055,26/06/2020,San Juan,55330,0
681055,27/06/2020,San Juan,57736,0
681055,27/06/2020,San Juan,57738,0
681055,28/06/2020,San Juan,59926,0
681055,28/06/2020,San Juan,59926,0
681055,29/06/2020,San Juan,62261,0
681055,29/06/2020,San Juan,62264,0
681055,30/06/2020,San Juan,64528,0
681055,30/06/2020,San Juan,64529,0
681055,1/07/2020,San Juan,67186,0
681055,1/07/2020,San Juan,67188,0
681055,2/07/2020,San Juan,69939,0
681055,2/07/2020,San Juan,69939,0
681055,3/07/2020,San Juan,72771,0
681055,3/07/2020,San Juan,72779,0
681055,4/07/2020,San Juan,75349,0
681055,5/07/2020,San Juan,77807,0
681055,6/07/2020,San Juan,80437,1
681055,7/07/2020,San Juan,83416,0
681055,8/07/2020,San Juan,87007,0
681055,9/07/2020,San Juan,90673,0
681055,10/07/2020,San Juan,94048,0
992595,20/03/2020,Corrientes,158,1
992595,21/03/2020,Corrientes,222,2
992595,27/03/2020,Corrientes,690,3
992595,28/03/2020,Corrientes,746,2
992595,29/03/2020,Corrientes,816,1
992595,30/03/2020,Corrientes,953,10
992595,31/03/2020,Corrientes,1021,1
992595,1/04/2020,Corrientes,1094,1
992595,2/04/2020,Corrientes,1214,1
992595,6/04/2020,Corrientes,1597,2
992595,13/04/2020,Corrientes,2262,7
992595,14/04/2020,Corrientes,2409,0
992595,20/04/2020,Corrientes,3013,3
992595,23/04/2020,Corrientes,3421,1
992595,24/04/2020,Corrientes,3588,4
992595,25/04/2020,Corrientes,3765,1
992595,26/04/2020,Corrientes,3885,6
992595,28/04/2020,Corrientes,4104,1
992595,30/04/2020,Corrientes,4402,1
992595,1/05/2020,Corrientes,4516,0
992595,6/05/2020,Corrientes,5201,3
992595,7/05/2020,Corrientes,5366,1
992595,8/05/2020,Corrientes,5607,1
992595,9/05/2020,Corrientes,5770,1
992595,10/05/2020,Corrientes,6029,0
992595,11/05/2020,Corrientes,6262,16
992595,12/05/2020,Corrientes,6560,1
992595,13/05/2020,Corrientes,6872,5
992595,14/05/2020,Corrientes,7127,3
992595,15/05/2020,Corrientes,7462,0
992595,16/05/2020,Corrientes,7798,0
992595,17/05/2020,Corrientes,8065,0
992595,18/05/2020,Corrientes,8362,-1
992595,19/05/2020,Corrientes,8795,0
992595,20/05/2020,Corrientes,9281,0
992595,21/05/2020,Corrientes,9923,0
992595,22/05/2020,Corrientes,10636,0
992595,23/05/2020,Corrientes,11344,0
992595,24/05/2020,Corrientes,12068,0
992595,25/05/2020,Corrientes,12621,0
992595,26/05/2020,Corrientes,13214,0
992595,27/05/2020,Corrientes,13920,2
992595,28/05/2020,Corrientes,14687,1
992595,29/05/2020,Corrientes,15405,6
992595,30/05/2020,Corrientes,16200,0
992595,31/05/2020,Corrientes,16842,1
992595,1/06/2020,Corrientes,17386,6
992595,2/06/2020,Corrientes,18307,2
992595,3/06/2020,Corrientes,19236,0
992595,4/06/2020,Corrientes,20182,0
992595,5/06/2020,Corrientes,21022,0
992595,6/06/2020,Corrientes,21991,0
992595,7/06/2020,Corrientes,22777,0
992595,8/06/2020,Corrientes,23606,0
992595,9/06/2020,Corrientes,24737,1
992595,10/06/2020,Corrientes,25957,0
992595,11/06/2020,Corrientes,27336,3
992595,12/06/2020,Corrientes,28735,0
992595,13/06/2020,Corrientes,30237,1
992595,14/06/2020,Corrientes,31526,2
992595,15/06/2020,Corrientes,32767,1
992595,16/06/2020,Corrientes,34096,1
992595,17/06/2020,Corrientes,35516,2
992595,18/06/2020,Corrientes,37439,1
992595,19/06/2020,Corrientes,39490,5
992595,20/06/2020,Corrientes,41144,1
992595,21/06/2020,Corrientes,42728,0
992595,22/06/2020,Corrientes,44883,0
992595,23/06/2020,Corrientes,47104,0
992595,24/06/2020,Corrientes,49732,0
992595,25/06/2020,Corrientes,52343,0
992595,26/06/2020,Corrientes,55211,0
992595,27/06/2020,Corrientes,57684,1
992595,28/06/2020,Corrientes,59878,0
992595,29/06/2020,Corrientes,62192,2
992595,30/06/2020,Corrientes,64475,0
992595,1/07/2020,Corrientes,67123,1
992595,2/07/2020,Corrientes,69859,0
992595,3/07/2020,Corrientes,72683,0
992595,4/07/2020,Corrientes,75273,0
992595,5/07/2020,Corrientes,77775,1
992595,6/07/2020,Corrientes,80348,1
992595,7/07/2020,Corrientes,83295,1
992595,8/07/2020,Corrientes,86882,4
992595,9/07/2020,Corrientes,90546,0
992595,10/07/2020,Corrientes,93940,0
530162,12/06/2020,Formosa,28740,1
530162,13/06/2020,Formosa,30265,26
530162,14/06/2020,Formosa,31547,6
530162,15/06/2020,Formosa,32769,0
530162,16/06/2020,Formosa,34108,0
530162,17/06/2020,Formosa,35521,0
530162,18/06/2020,Formosa,37449,4
530162,19/06/2020,Formosa,39494,0
530162,20/06/2020,Formosa,41165,2
530162,21/06/2020,Formosa,42738,0
530162,22/06/2020,Formosa,44899,0
530162,23/06/2020,Formosa,47127,6
530162,24/06/2020,Formosa,49756,0
530162,25/06/2020,Formosa,52360,0
530162,26/06/2020,Formosa,55255,25
530162,27/06/2020,Formosa,57696,0
530162,28/06/2020,Formosa,59902,0
530162,29/06/2020,Formosa,62197,0
530162,30/06/2020,Formosa,64481,0
530162,1/07/2020,Formosa,67136,4
530162,2/07/2020,Formosa,69874,1
530162,3/07/2020,Formosa,72694,0
530162,4/07/2020,Formosa,75278,0
530162,5/07/2020,Formosa,77781,0
530162,6/07/2020,Formosa,80353,0
530162,7/07/2020,Formosa,83305,0
530162,8/07/2020,Formosa,86893,0
530162,9/07/2020,Formosa,90567,0
530162,10/07/2020,Formosa,93965,0
1235994,17/03/2020,Entre Ríos,81,1
1235994,18/03/2020,Entre Ríos,101,1
1235994,20/03/2020,Entre Ríos,157,2
1235994,25/03/2020,Entre Ríos,477,3
1235994,27/03/2020,Entre Ríos,679,3
1235994,30/03/2020,Entre Ríos,956,3
1235994,1/04/2020,Entre Ríos,1095,1
1235994,2/04/2020,Entre Ríos,1216,2
1235994,3/04/2020,Entre Ríos,1340,2
1235994,5/04/2020,Entre Ríos,1523,1
1235994,7/04/2020,Entre Ríos,1695,1
1235994,9/04/2020,Entre Ríos,1891,1
1235994,16/04/2020,Entre Ríos,2642,1
1235994,26/04/2020,Entre Ríos,3892,1
1235994,1/05/2020,Entre Ríos,4518,2
1235994,3/05/2020,Entre Ríos,4782,2
1235994,5/05/2020,Entre Ríos,5020,1
1235994,13/05/2020,Entre Ríos,6873,1
1235994,14/05/2020,Entre Ríos,7128,1
1235994,15/05/2020,Entre Ríos,7461,-1
1235994,16/05/2020,Entre Ríos,7798,0
1235994,17/05/2020,Entre Ríos,8065,0
1235994,18/05/2020,Entre Ríos,8362,0
1235994,19/05/2020,Entre Ríos,8795,0
1235994,20/05/2020,Entre Ríos,9281,0
1235994,21/05/2020,Entre Ríos,9923,0
1235994,22/05/2020,Entre Ríos,10636,0
1235994,23/05/2020,Entre Ríos,11344,0
1235994,24/05/2020,Entre Ríos,12068,0
1235994,25/05/2020,Entre Ríos,12621,0
1235994,26/05/2020,Entre Ríos,13214,0
1235994,27/05/2020,Entre Ríos,13920,0
1235994,28/05/2020,Entre Ríos,14688,1
1235994,29/05/2020,Entre Ríos,15405,0
1235994,30/05/2020,Entre Ríos,16201,1
1235994,31/05/2020,Entre Ríos,16842,0
1235994,1/06/2020,Entre Ríos,17386,0
1235994,2/06/2020,Entre Ríos,18309,2
1235994,3/06/2020,Entre Ríos,19238,2
1235994,4/06/2020,Entre Ríos,20182,0
1235994,5/06/2020,Entre Ríos,21026,4
1235994,6/06/2020,Entre Ríos,22001,10
1235994,7/06/2020,Entre Ríos,22779,2
1235994,8/06/2020,Entre Ríos,23608,2
1235994,9/06/2020,Entre Ríos,24739,2
1235994,10/06/2020,Entre Ríos,25961,4
1235994,11/06/2020,Entre Ríos,27342,6
1235994,12/06/2020,Entre Ríos,28739,4
1235994,13/06/2020,Entre Ríos,30239,2
1235994,14/06/2020,Entre Ríos,31541,15
1235994,15/06/2020,Entre Ríos,32769,2
1235994,16/06/2020,Entre Ríos,34108,12
1235994,17/06/2020,Entre Ríos,35521,5
1235994,18/06/2020,Entre Ríos,37445,6
1235994,19/06/2020,Entre Ríos,39494,4
1235994,20/06/2020,Entre Ríos,41163,19
1235994,21/06/2020,Entre Ríos,42738,10
1235994,22/06/2020,Entre Ríos,44899,16
1235994,23/06/2020,Entre Ríos,47121,17
1235994,24/06/2020,Entre Ríos,49756,24
1235994,25/06/2020,Entre Ríos,52360,17
1235994,26/06/2020,Entre Ríos,55230,19
1235994,27/06/2020,Entre Ríos,57696,12
1235994,28/06/2020,Entre Ríos,59902,24
1235994,29/06/2020,Entre Ríos,62197,5
1235994,30/06/2020,Entre Ríos,64481,6
1235994,1/07/2020,Entre Ríos,67132,9
1235994,2/07/2020,Entre Ríos,69873,14
1235994,3/07/2020,Entre Ríos,72694,11
1235994,4/07/2020,Entre Ríos,75278,5
1235994,5/07/2020,Entre Ríos,77781,6
1235994,6/07/2020,Entre Ríos,80353,5
1235994,7/07/2020,Entre Ríos,83305,10
1235994,8/07/2020,Entre Ríos,86893,11
1235994,9/07/2020,Entre Ríos,90567,21
1235994,10/07/2020,Entre Ríos,93965,25
432310,9/03/2020,San Luis,13,2
432310,25/03/2020,San Luis,474,4
432310,26/03/2020,San Luis,590,0
432310,1/04/2020,San Luis,1112,1
432310,2/04/2020,San Luis,1227,2
432310,3/04/2020,San Luis,1345,1
432310,6/04/2020,San Luis,1608,1
432310,4/07/2020,San Luis,75366,1
432310,5/07/2020,San Luis,77809,0
432310,6/07/2020,San Luis,80437,0
432310,7/07/2020,San Luis,83416,0
432310,8/07/2020,San Luis,87007,0
432310,9/07/2020,San Luis,90673,0
432310,10/07/2020,San Luis,94048,0
880543,17/03/2020,Jujuy,78,1
880543,26/03/2020,Jujuy,587,2
880543,2/04/2020,Jujuy,1218,2
880543,28/05/2020,Jujuy,14689,1
880543,29/05/2020,Jujuy,15405,0
880543,30/05/2020,Jujuy,16201,0
880543,31/05/2020,Jujuy,16842,0
880543,1/06/2020,Jujuy,17386,0
880543,2/06/2020,Jujuy,18309,0
880543,3/06/2020,Jujuy,19238,0
880543,4/06/2020,Jujuy,20182,0
880543,5/06/2020,Jujuy,21026,0
880543,6/06/2020,Jujuy,22001,0
880543,7/06/2020,Jujuy,22779,0
880543,8/06/2020,Jujuy,23608,0
880543,9/06/2020,Jujuy,24741,2
880543,10/06/2020,Jujuy,25961,0
880543,11/06/2020,Jujuy,27342,0
880543,12/06/2020,Jujuy,28740,0
880543,13/06/2020,Jujuy,30265,0
880543,14/06/2020,Jujuy,31547,0
880543,15/06/2020,Jujuy,32769,0
880543,16/06/2020,Jujuy,34108,0
880543,17/06/2020,Jujuy,35522,1
880543,18/06/2020,Jujuy,37452,3
880543,19/06/2020,Jujuy,39495,1
880543,20/06/2020,Jujuy,41165,0
880543,21/06/2020,Jujuy,42738,0
880543,22/06/2020,Jujuy,44901,2
880543,23/06/2020,Jujuy,47130,3
880543,24/06/2020,Jujuy,49782,26
880543,25/06/2020,Jujuy,52361,1
880543,26/06/2020,Jujuy,55282,27
880543,27/06/2020,Jujuy,57699,3
880543,28/06/2020,Jujuy,59902,0
880543,29/06/2020,Jujuy,62213,16
880543,30/06/2020,Jujuy,64487,6
880543,1/07/2020,Jujuy,67153,17
880543,2/07/2020,Jujuy,69888,14
880543,3/07/2020,Jujuy,72714,20
880543,4/07/2020,Jujuy,75292,14
880543,5/07/2020,Jujuy,77782,1
880543,6/07/2020,Jujuy,80382,29
880543,7/07/2020,Jujuy,83335,30
880543,8/07/2020,Jujuy,86931,38
880543,9/07/2020,Jujuy,90619,52
880543,10/07/2020,Jujuy,93988,23
1101593,27/03/2020,Misiones,692,1
1101593,29/03/2020,Misiones,821,1
1101593,31/03/2020,Misiones,1024,1
1101593,17/04/2020,Misiones,2749,1
1101593,18/04/2020,Misiones,2831,1
1101593,24/04/2020,Misiones,3591,1
1101593,27/04/2020,Misiones,3986,2
1101593,29/04/2020,Misiones,4276,4
1101593,2/05/2020,Misiones,4658,12
1101593,3/05/2020,Misiones,4767,0
1101593,4/05/2020,Misiones,4876,1
1101593,11/05/2020,Misiones,6264,1
1101593,13/05/2020,Misiones,6872,-1
1101593,14/05/2020,Misiones,7128,0
1101593,15/05/2020,Misiones,7461,0
1101593,16/05/2020,Misiones,7798,0
1101593,17/05/2020,Misiones,8066,0
1101593,18/05/2020,Misiones,8364,0
1101593,19/05/2020,Misiones,8797,0
1101593,20/05/2020,Misiones,9281,0
1101593,21/05/2020,Misiones,9923,0
1101593,22/05/2020,Misiones,10636,0
1101593,23/05/2020,Misiones,11344,0
1101593,24/05/2020,Misiones,12068,0
1101593,25/05/2020,Misiones,12621,0
1101593,26/05/2020,Misiones,13214,0
1101593,27/05/2020,Misiones,13920,0
1101593,28/05/2020,Misiones,14691,2
1101593,29/05/2020,Misiones,15405,0
1101593,30/05/2020,Misiones,16204,0
1101593,31/05/2020,Misiones,16843,1
1101593,1/06/2020,Misiones,17394,0
1101593,2/06/2020,Misiones,18309,0
1101593,3/06/2020,Misiones,19239,1
1101593,4/06/2020,Misiones,20184,2
1101593,5/06/2020,Misiones,21027,0
1101593,6/06/2020,Misiones,22002,2
1101593,7/06/2020,Misiones,22783,3
1101593,8/06/2020,Misiones,23609,0
1101593,9/06/2020,Misiones,24742,0
1101593,10/06/2020,Misiones,25961,0
1101593,11/06/2020,Misiones,27344,1
1101593,12/06/2020,Misiones,28742,0
1101593,13/06/2020,Misiones,30265,0
1101593,14/06/2020,Misiones,31555,0
1101593,15/06/2020,Misiones,32770,1
1101593,16/06/2020,Misiones,34111,0
1101593,17/06/2020,Misiones,35523,0
1101593,18/06/2020,Misiones,37455,0
1101593,19/06/2020,Misiones,39498,0
1101593,20/06/2020,Misiones,41170,0
1101593,21/06/2020,Misiones,42743,0
1101593,22/06/2020,Misiones,44904,0
1101593,23/06/2020,Misiones,47139,0
1101593,24/06/2020,Misiones,49798,0
1101593,25/06/2020,Misiones,52365,1
1101593,26/06/2020,Misiones,55286,0
1101593,27/06/2020,Misiones,57706,0
1101593,28/06/2020,Misiones,59908,0
1101593,29/06/2020,Misiones,62219,1
1101593,30/06/2020,Misiones,64495,0
1101593,1/07/2020,Misiones,67161,0
1101593,2/07/2020,Misiones,69893,0
1101593,3/07/2020,Misiones,72720,0
1101593,4/07/2020,Misiones,75301,0
1101593,5/07/2020,Misiones,77795,0
1101593,6/07/2020,Misiones,80393,2
1101593,7/07/2020,Misiones,83361,0
1101593,8/07/2020,Misiones,86967,0
1101593,9/07/2020,Misiones,90631,0
1101593,10/07/2020,Misiones,94006,0
2250301,19/03/2020,Tucumán,128,1
2250301,21/03/2020,Tucumán,226,1
2250301,22/03/2020,Tucumán,266,5
2250301,25/03/2020,Tucumán,482,2
2250301,27/03/2020,Tucumán,667,6
2250301,29/03/2020,Tucumán,821,0
2250301,30/03/2020,Tucumán,967,0
2250301,31/03/2020,Tucumán,1055,1
2250301,1/04/2020,Tucumán,1134,1
2250301,2/04/2020,Tucumán,1266,4
2250301,3/04/2020,Tucumán,1354,0
2250301,4/04/2020,Tucumán,1452,1
2250301,6/04/2020,Tucumán,1628,5
2250301,7/04/2020,Tucumán,1716,1
2250301,8/04/2020,Tucumán,1796,0
2250301,9/04/2020,Tucumán,1894,1
2250301,11/04/2020,Tucumán,2142,1
2250301,20/04/2020,Tucumán,3031,1
2250301,22/04/2020,Tucumán,3287,3
2250301,26/04/2020,Tucumán,3781,1
2250301,28/04/2020,Tucumán,4127,1
2250301,30/04/2020,Tucumán,4427,2
2250301,4/05/2020,Tucumán,4886,3
2250301,11/05/2020,Tucumán,6278,1
2250301,12/05/2020,Tucumán,6563,0
2250301,13/05/2020,Tucumán,6878,0
2250301,14/05/2020,Tucumán,7133,0
2250301,15/05/2020,Tucumán,7478,0
2250301,16/05/2020,Tucumán,7805,0
2250301,17/05/2020,Tucumán,8068,0
2250301,18/05/2020,Tucumán,8371,0
2250301,19/05/2020,Tucumán,8809,0
2250301,20/05/2020,Tucumán,9285,0
2250301,21/05/2020,Tucumán,9930,1
2250301,22/05/2020,Tucumán,10648,0
2250301,23/05/2020,Tucumán,11352,3
2250301,24/05/2020,Tucumán,12075,-1
2250301,25/05/2020,Tucumán,12627,2
2250301,26/05/2020,Tucumán,13226,0
2250301,27/05/2020,Tucumán,13932,0
2250301,28/05/2020,Tucumán,14701,0
2250301,29/05/2020,Tucumán,15419,0
2250301,30/05/2020,Tucumán,16214,1
2250301,31/05/2020,Tucumán,16851,0
2250301,1/06/2020,Tucumán,17415,0
2250301,2/06/2020,Tucumán,18319,0
2250301,3/06/2020,Tucumán,19268,0
2250301,4/06/2020,Tucumán,20197,0
2250301,5/06/2020,Tucumán,21037,0
2250301,6/06/2020,Tucumán,22020,0
2250301,7/06/2020,Tucumán,22794,0
2250301,8/06/2020,Tucumán,23621,0
2250301,9/06/2020,Tucumán,24763,0
2250301,10/06/2020,Tucumán,25988,0
2250301,11/06/2020,Tucumán,27374,0
2250301,12/06/2020,Tucumán,28765,1
2250301,13/06/2020,Tucumán,30295,1
2250301,14/06/2020,Tucumán,31577,6
2250301,15/06/2020,Tucumán,32785,0
2250301,16/06/2020,Tucumán,34159,0
2250301,17/06/2020,Tucumán,35552,1
2250301,18/06/2020,Tucumán,37510,1
2250301,19/06/2020,Tucumán,39570,0
2250301,20/06/2020,Tucumán,41204,0
2250301,21/06/2020,Tucumán,42785,0
2250301,22/06/2020,Tucumán,44931,1
2250301,23/06/2020,Tucumán,47216,0
2250301,24/06/2020,Tucumán,49851,10
2250301,25/06/2020,Tucumán,52457,1
2250301,26/06/2020,Tucumán,55343,1
2250301,27/06/2020,Tucumán,57744,1
2250301,28/06/2020,Tucumán,59933,0
2250301,29/06/2020,Tucumán,62268,0
2250301,30/06/2020,Tucumán,64530,0
2250301,1/07/2020,Tucumán,67197,7
2250301,2/07/2020,Tucumán,69941,0
2250301,3/07/2020,Tucumán,72786,2
2250301,4/07/2020,Tucumán,75376,1
2250301,5/07/2020,Tucumán,77815,3
2250301,6/07/2020,Tucumán,80447,0
2250301,7/07/2020,Tucumán,83426,0
2250301,8/07/2020,Tucumán,87030,1
2250301,9/07/2020,Tucumán,90693,1
2250301,10/07/2020,Tucumán,94060,2
127205,15/03/2020,Tierra del Fuego,59,1
127205,20/03/2020,Tierra del Fuego,155,1
127205,21/03/2020,Tierra del Fuego,220,3
127205,24/03/2020,Tierra del Fuego,381,4
127205,25/03/2020,Tierra del Fuego,480,1
127205,26/03/2020,Tierra del Fuego,582,3
127205,28/03/2020,Tierra del Fuego,741,4
127205,29/03/2020,Tierra del Fuego,814,4
127205,30/03/2020,Tierra del Fuego,943,11
127205,31/03/2020,Tierra del Fuego,1054,7
127205,2/04/2020,Tierra del Fuego,1262,24
127205,3/04/2020,Tierra del Fuego,1354,1
127205,4/04/2020,Tierra del Fuego,1451,8
127205,5/04/2020,Tierra del Fuego,1555,3
127205,6/04/2020,Tierra del Fuego,1623,2
127205,7/04/2020,Tierra del Fuego,1715,2
127205,8/04/2020,Tierra del Fuego,1796,2
127205,10/04/2020,Tierra del Fuego,1975,2
127205,11/04/2020,Tierra del Fuego,2136,3
127205,11/04/2020,Tierra del Fuego,2141,5
127205,12/04/2020,Tierra del Fuego,2209,4
127205,13/04/2020,Tierra del Fuego,2278,4
127205,14/04/2020,Tierra del Fuego,2437,2
127205,14/04/2020,Tierra del Fuego,2443,6
127205,15/04/2020,Tierra del Fuego,2571,3
127205,16/04/2020,Tierra del Fuego,2670,7
127205,17/04/2020,Tierra del Fuego,2759,2
127205,19/04/2020,Tierra del Fuego,2941,4
127205,21/04/2020,Tierra del Fuego,3144,1
127205,23/04/2020,Tierra del Fuego,3434,1
127205,24/04/2020,Tierra del Fuego,3607,1
127205,25/04/2020,Tierra del Fuego,3780,4
127205,26/04/2020,Tierra del Fuego,3888,0
127205,27/04/2020,Tierra del Fuego,4003,1
127205,28/04/2020,Tierra del Fuego,4126,6
127205,30/04/2020,Tierra del Fuego,4425,2
127205,1/05/2020,Tierra del Fuego,4531,1
127205,2/05/2020,Tierra del Fuego,4678,3
127205,3/05/2020,Tierra del Fuego,4780,2
127205,9/05/2020,Tierra del Fuego,5776,1
127205,10/05/2020,Tierra del Fuego,6034,2
127205,27/05/2020,Tierra del Fuego,13932,1
127205,28/05/2020,Tierra del Fuego,14701,0
127205,29/05/2020,Tierra del Fuego,15419,0
127205,30/05/2020,Tierra del Fuego,16213,0
127205,31/05/2020,Tierra del Fuego,16851,0
127205,1/06/2020,Tierra del Fuego,17415,0
127205,2/06/2020,Tierra del Fuego,18319,0
127205,3/06/2020,Tierra del Fuego,19268,0
127205,4/06/2020,Tierra del Fuego,20197,0
127205,5/06/2020,Tierra del Fuego,21037,0
127205,6/06/2020,Tierra del Fuego,22020,0
127205,7/06/2020,Tierra del Fuego,22794,0
127205,8/06/2020,Tierra del Fuego,23621,0
127205,9/06/2020,Tierra del Fuego,24763,0
127205,10/06/2020,Tierra del Fuego,25988,0
127205,11/06/2020,Tierra del Fuego,27374,0
127205,12/06/2020,Tierra del Fuego,28764,0
127205,13/06/2020,Tierra del Fuego,30294,0
127205,14/06/2020,Tierra del Fuego,31571,0
127205,15/06/2020,Tierra del Fuego,32785,0
127205,16/06/2020,Tierra del Fuego,34159,0
127205,17/06/2020,Tierra del Fuego,35551,0
127205,18/06/2020,Tierra del Fuego,37509,0
127205,19/06/2020,Tierra del Fuego,39570,0
127205,20/06/2020,Tierra del Fuego,41204,0
127205,21/06/2020,Tierra del Fuego,42785,0
127205,22/06/2020,Tierra del Fuego,44930,0
127205,23/06/2020,Tierra del Fuego,47216,0
127205,24/06/2020,Tierra del Fuego,49841,0
127205,25/06/2020,Tierra del Fuego,52456,0
127205,26/06/2020,Tierra del Fuego,55342,0
127205,27/06/2020,Tierra del Fuego,57743,0
127205,28/06/2020,Tierra del Fuego,59933,0
127205,29/06/2020,Tierra del Fuego,62268,0
127205,30/06/2020,Tierra del Fuego,64530,0
127205,1/07/2020,Tierra del Fuego,67190,0
127205,2/07/2020,Tierra del Fuego,69941,0
127205,3/07/2020,Tierra del Fuego,72784,0
127205,4/07/2020,Tierra del Fuego,75375,4
127205,5/07/2020,Tierra del Fuego,77812,0
127205,6/07/2020,Tierra del Fuego,80447,0
127205,7/07/2020,Tierra del Fuego,83426,0
127205,8/07/2020,Tierra del Fuego,87029,0
127205,9/07/2020,Tierra del Fuego,90692,1
127205,10/07/2020,Tierra del Fuego,94058,0
